recordID,proper_nouns,tokenized_length
64,"Jésus, Nouveau Testament, Passion, Evangiles, Vierge, Christ, Calvaire, Crucifixion, Jérusalem",31
78,Louise van der Hecht,7
79,Robert Schumann,5
81,Marguerite Khnopff,8
105,"Cupidon, Ariane, Bacchus",11
114,"Enée, Didon, Hercule, Vénus, Jupiter, Anchise",19
119,"Marie-Anne Charlotte Corday, Jean Paul Marat, Louis XVI",16
121,Germaine Wiener,5
123,"Mars, Cupidon, Vénus",11
126,"Auguste, Rome, Octavie, Enéide, Marcellus, Antiquité, Livie",23
129,"Brighton, Angleterre",6
132,"Belgique, Bruxelles, Grand-place",11
137,"Afrique, Orientalisme, Syrie",11
138,Memento mori,5
141,Apollon,4
144,"Jésus, Passion, Christ, Cène",13
145,"Loue, France",6
149,Saint-Hubert,5
154,"Jésus, Christ",7
156,"Anna Boch, Mitche Ensor, Willy Finch",13
159,Pierrot,4
161,"Remus, Rome, Romulus",9
164,"Bretagne, France, Pont-Aven",10
165,"Descente de Croix, Jésus, Passion, Nouveau Testament, Evangiles, Pont-Aven, Christ, Bretagne",27
167,"Grande-Jatte, France, Paris, Seine",12
168,Saintes-Maries-de-la-Mer,13
172,"Hans Memling, Bruges",8
180,"Psyché, Apulée",8
182,Lys,3
185,"Laure Flé, Georges Flé, France, Pas-de-Calais, Maria Monnom, Marie Closset, Jean Dominique, Madame Victor Willem, Maria van Rysselberghe",43
186,"Bretagne, France",6
189,"Salomon, Nouveau Testament, Evangiles, Vierge, Israël, Luc, Annonciation",24
191,"Jésus, Golgotha, Nouveau Testament, Passion, Evangiles, Vierge, Christ, Déploration",26
193,"Antoine de Bourgogne, Philippe le Bon, Jehanne de Prelle, Gédéon, Grand Bâtard, Toison d'Or, Jason, Saint-Sébastien",43
200,"Otton III, Louvain",8
203,"Louvain, Otton III",8
204,"Champ de Mars, Rome, Jacques de Voragine, Dioclétien, Légende dorée",24
205,"Willem Moreel, Oostcleyhem, Bruges",14
206,"Oostcleyhem, Barbara van Vlaenderberch, Bruges",17
211,"Jésus, Passion, Vierge, Christ, Calvaire",16
215,"Adoration des Mages, Jésus, Nouveau Testament, Evangiles, Vierge, Christ, Matthieu",23
216,"Vierge à l'Enfant, Jésus, Vierge, Christ, Eucharistie",22
219,"Vierge à l'Enfant, Vierge, Jésus, Christ",18
230,"Simon, Taddée, Jésus, Porte dorée, Les apocryphes, Vierge, Christ, Joseph, Jérusalem, Zébédée, Alphée",42
234,"Jésus, Nouveau Testament, Evangiles, Christ, Luc, Jourdain",18
237,"Mars, Cupidon, Vulcain, Vénus, Renaissance, Amour",18
241,"Bruxelles, Joris van Zelle",10
242,Nel Wouters,6
243,"Lazare, Job, Nouveau Testament, Livre de Job, Evangiles, Le mauvais riche, Satan, Ancien Testament, Dieu",32
244,Hottat,5
246,"Marguerite Numan, Jésus, Nouveau Testament, Passion, Evangiles, Philippe Haneton, Vierge, Christ, Mise au tombeau, Luc, Annonciation",40
247,"Christ, Marie, Vierge, Jésus",12
264,"Théocrite, Vénus, Amour",12
272,"Jésus chez Marthe et Marie, Jésus, Nouveau Testament, Renaissance, Evangiles, Christ, Luc, Sebastiano Serlio",31
280,"Ancien Testament, Genèse, Dieu, Eve, Adam",16
285,"Sodome, Gomorrhe, Loth, Ancien Testament, Genèse, Dieu",22
292,"Nouveau testament, Apocalypse",6
294,"Psyché, Cupidon",8
296,Joachim Patenier,6
300,"Nouveau Testament, Multiplication des pains, Evangiles, Jésus, Christ",19
302,Carême,5
304,"Hendrick Goltzius, Hubert Goltzius, Espagne, Philippe II",19
308,"Antonius Anselmus, Joanna Anselmus, Joanna Hooftmans, Gillis Anselmus",20
324,"Vénus, Cérès, Térence, Bacchus",15
330,"Dioclétien, Jacques de Voragine, Légende dorée, Irène",22
332,Vierge,4
338,"Jésus, Nouveau Testament, Pèlerins d'Emmaüs, Evangiles, Christ, Apparition du Christ, Luc",30
341,"St. Liévin, Gand, Contre-Réforme",16
347,"Cupidon, Fastes, Ovide",11
348,"Dédale, Ovide, Icare, Metamorphoses",13
350,"Montée au Calvaire, Apocryphes, Jésus, Golgotha, Nouveau Testament, Passion, Evangiles, Vierge, Christ, Simon de Cyrène, Contre-Réforme",47
355,"Apollon, Marsyas, Métamorphoses, Ovide",17
356,Esope,4
357,"Acheloos, Hercule, Ovide, Métamorphoses, Pomone",20
364,"Adam van Noort, Epiphanie, Fête des rois",16
368,"Gènes, Porzia Imperiale, Italie, Maria Francesca Imperiale",18
370,François du Quesnoy,7
371,"Enéide, Enée",8
373,Italie,4
374,"Jean-Charles della Faille, Philippe IV, Espagne",14
376,"Saint-esprit, Père de l'Eglise, Dieu",18
378,"Pays-Bas, Haarlem",8
379,"Pantalone, Willem Ruyter",10
380,"Agatha Bas, Nicolaes van Bambeeck, Amsterdam",13
382,"Bible, Amos, Ancien Testament",9
384,"Pays-Bas, Adrien de Vries, Léopold Guillaume d'Autriche, Ganymède, Bruxelles, Coudenberg",33
385,"République, Brutus, Rome, Titus, Tibérius, Antiquité",21
387,Trinité,5
392,"Cupidon, Minerve, Les vertus cardinales",14
402,"Pays-Bas, Amsterdam, Angleterre, Turquie",14
413,"Ordre de Léopold, Chazal",11
422,"Espagne, Majorque",7
424,"Memento mori, Vanitas",8
426,Colard,4
427,"Trente, Jésus, Nouveau Testament, Evangiles, Vierge, Christ, Luc, Présentation au temple, Anne, Jérusalem",35
430,"Livre des Maccabées II, Héliodore, Syrie, Ancien Testament, Jérusalem",28
433,Louis Claes,5
435,Jean-Edouard Bommer,8
442,Chine,4
443,Gaston Marchant,5
447,Isidore Verheyden,7
448,Marcel Binjé,6
450,Giacomo Gabardi,6
452,Van der Stappen,6
467,Firmin Baes,5
471,"Apollon, Cupidon, Pénée, Ovide, Daphné, Métamorphoses, Appian",28
475,Tack,3
479,Diane,3
482,Louise-Caroline-Françoise van Campenhout,14
490,"Londres, Spectator, George Gougenot de Croissy",15
505,Saint-Esprit,6
506,"Canaletto, Giovanni Battista Brustolon, Alvise IV Mocenigo, Venise",22
507,"Nouveau Testament, Saintes femmes au tombeau, Evangiles, Marc, Vierge",20
509,"Rome, Italie, Capitole",9
513,Liège,5
515,Joseph-François Van Gend,9
527,"France, Berck",6
534,"Nederschelde, Gand",9
536,"Espagne, Majorque",7
552,"Italie, Toccia",7
564,Madelon,4
591,Escaut,4
597,Kalmthout,6
599,Pays-Bas,5
625,Zélande,5
626,Hingene,4
627,Schilde,5
628,Sara Bernhardt,5
634,"Adoration des Mages, Jésus, Nouveau Testament, Evangiles, Vierge, Christ, Matthieu",23
666,"Albert, Elisabeth, Belgique",8
671,"Hôtel de Culembourg, Edouard de Bièfve, Bruxelles, Pays-Bas, Guerre de Quatre-vingt ans",36
679,Fischer,3
686,Ardennes,4
691,"Maroc, Rabat",7
692,Orientalisme,5
701,Charles Cottet,5
703,Paris,3
717,"Afrique, Sidi Madjoub, Orientalisme, Algérie",19
730,Paul Balthasar Ommeganck,9
731,Jean-François Vandaël,10
736,"Thadée Natanson, Misia Godebska, Paris",15
739,Henry de Groux,6
756,"France, Rouen",6
757,"Espagne, Sévillle",8
759,Touques,4
760,"Austruweel, Escaut",9
762,"Meuse, Dinant",7
763,Meuse,4
764,"Bruxelles, Tervuren",8
765,Anseremme,5
767,"Oudergem, Rouge-Cloître",11
772,William Degouve de Nuncques,10
774,"Meuse, Waulsort",8
781,Constantin Meunier,7
785,Egide Rombaux,8
789,Sinte Greef,6
791,"Cathédrale Notre-Dame, Belgique, Guillaume I, Pays-Bas, Anvers, Citadelle d'Anvers",30
792,"Belgique, Guillaume I, Pays-Bas, Anvers, Citadelle d'Anvers",22
793,Jan Stobbaerts,7
794,"Belgique, Guillaume I, Pays-Bas, Anvers, Citadelle d'Anvers",22
795,"Belgique, Guillaume I, Pays-Bas, Anvers, Citadelle d'Anvers",22
796,"Belgique, Guillaume I, Pays-Bas, Anvers, Citadelle d'Anvers",22
797,Alex Marcette,6
798,"Belgique, Guillaume I, Pays-Bas, Anvers, Citadelle d'Anvers",22
799,"Belgique, Guillaume I, Pays-Bas, Anvers, Citadelle d'Anvers",22
800,"Belgique, Guillaume I, Pays-Bas, Anvers",14
801,"Belgique, Guillaume I, Pays-Bas, Anvers",14
802,Berthe Art,5
803,"Belgique, Guillaume I, Pays-Bas, Anvers",14
805,"Belgique, Guillaume I, Pays-Bas, Anvers",14
806,"Belgique, Guillaume I, Pays-Bas, Anvers",14
807,France,3
808,Jules Lagae,5
809,Jef Lambeaux,7
811,"Bruxelles, Belgique, Léopold I, Place royale",15
815,"Belgique, Guillaume I, Pays-Bas, Anvers",14
819,Anvers,4
835,Anvers,4
836,"Anvers, Escaut",7
837,Plantin,4
841,Bible,3
844,Escaut,4
846,"Anvers, Maison hydraulique",9
854,Austruweel,6
858,"Anvers, Escaut",7
864,Anvers,4
875,"Orange-Nassau, Guillaume I, Pays-Bas",12
881,"Crète, Egée, Thésée, Athènes, Minotaure",21
882,"Rome, Atilius Regulus, Guerres puniques, Carthage",18
884,Peter Paul Rubens,6
886,Peter Paul Rubens,6
913,Italie,4
953,Chaudfontaine,5
965,Gand-Terneuzen,8
980,Jérusalem,6
982,François Dupuy,7
984,"France, Fontainebleau",8
992,"Fré, Alice Bron",7
1010,Camille van Camp,5
1023,Victor Lagye,6
1029,Sainctelette,6
1050,Amsterdam,3
1054,Martin Pepyn,6
1058,"Orientalisme, Herzégovine, Bachi-Bouzouk, Andrinople",22
1062,"Égypte, Thèbes",9
1071,V.d.B.,8
1078,Italie,4
1095,Bruxelles,4
1096,Bruxelles,4
1099,Jenny Montigny,7
1100,"Upton-Grey, Angleterre",8
1101,"Kew, Angleterre",6
1103,Evian,4
1104,"Kew, Angleterre",6
1106,"Londres, Angleterre, Waterloo Bridge, Tamise",13
1107,"Angleterre, Londres, Tamise",10
1108,"Méduse, Charles-Alexandre de Lorraine, Pays-Bas, Toison d'Or, Gorgone",24
1109,"Angleterre, Londres, Tamise",10
1110,"Angleterre, Londres, Tamise",10
1111,"Londres, Angleterre, Waterloo Bridge, Tamise",13
1113,"Angleterre, Londres, Tamise",10
1115,"Londres, Angleterre, Tamise",10
1116,"Angleterre, Londres, Tamise",10
1117,"Angleterre, Londres, Tamise",10
1118,"Angleterre, Londres, Tamise",10
1119,"Londres, Angleterre, Tamise",10
1120,"Londres, Angleterre, Tamise",10
1121,"Angleterre, Londres, Tamise",10
1122,"Londres, Angleterre",7
1123,"Angleterre, Londres",7
1125,"Londres, Angleterre",7
1126,"Londres, Angleterre, Tamise",10
1130,"Angleterre, Londres, Tamise",10
1135,Escaut,4
1136,"Anvers, Escaut",7
1147,Guillaume De Groot,5
1148,Richard Lambert,4
1149,Emile Sacré,6
1150,"André Cluysenaar, Alfred Cluysenaar",13
1151,Flora Reyntiens,6
1155,"André Cluysenaar, Alfred Cluysenaar",13
1159,"Herbert Henry Asquith, Asquitch, Oxford, Royaume Uni",18
1162,"David Lloyd George, Verenigd Koninkrijk, Royaume Uni",18
1177,Jos Albert,4
1178,Philibert Cockx,7
1186,Philibert Cockx,7
1189,"Luxembourg, Vianden",6
1196,Philibert Cockx,7
1197,"Jésus, Christ",7
1199,Bruxelles,4
1202,"Nouveau Testament, Passion, Jésus devant Anne, Anne, Evangiles, Jean, Jésus, Christ",26
1204,"Belgique, Parc de Bruxelles",9
1205,"Jésus devant Hérode, Jésus, Nouveau Testament, Passion, Evangiles, Christ, Hérode, Luc",30
1207,"Nouveau Testament, Passion, Evangiles, Flagellation du Christ, Jésus, Christ",21
1208,"Nouveau Testament, Passion, Evangiles, Jésus, Christ, Couronnement d'épines",24
1209,"Nouveau Testament, Passion, Montée au Calvaire, Evangiles, Jésus, Christ",22
1210,"Jésus, Nouveau Testament, Passion, Evangiles, Christ, Pilate, Matthieu, Pilate se lave les mains",29
1212,"Montée au Calvaire, Jésus, Nouveau Testament, Passion, Evangiles, Christ",22
1214,"Jésus, Nouveau Testament, Passion, Evangiles, Vierge, Christ, Crucifixion",22
1218,"Gand, Ordre de Malte, Liéven Bauwens",17
1219,"Peter Paul Rubens, Philips Rubens, Johannes Woverius, Sénèque, Juste Lipse, Antiquité",28
1223,Adèle Fétis,7
1232,"Jésus, Christ",7
1234,"Jésus, Nouveau Testament, Golgotha, Evangiles, Christ",17
1238,"Barbizon, France",7
1240,Campine,4
1246,"Salomon, Livre des Rois I, Israël, Ancien Testament",19
1247,Bruge,4
1248,"Impruneta, Italie",8
1250,Dixmude,5
1251,Chine,4
1252,"Jacques de Voragine, Jupiter, Légende dorée",15
1254,"Enée, Cerbère, Achéron, Virgile, Sibylle de Cumes",23
1267,"Fampoux, France",7
1269,Ouessant,5
1273,"Espagne, Adela Guerrero",8
1276,"Gérard Sanders, Léon Fontaine, Laure Janné",15
1277,"Plaisir-Fontaine, France, Ornans",12
1278,Alfred Stevens,4
1279,"France, Ornans",6
1292,Campine,4
1294,"Bruxelles, Vilvorde",8
1296,"Ancien Testament, Genèse, Eve, Adam",13
1298,"Jésus, Christ",7
1317,"Scherpenheuvel, Zichem, Siegen",13
1327,"Jésus, Nouveau Testament, Evangiles, Vierge, Christ, Mise au tombeau",21
1329,"Jésus, Nouveau Testament, Evangiles, Christ, Expulsion des marchands du temple",22
1332,Bruxelles,4
1333,Apollon,4
1336,Bruxelles,4
1337,Milan,3
1346,Italie,4
1347,"Nouveau testament, Evangiles, Ascension",9
1354,"Les apocryphes, Assomption, Jacques de Voragine, Vierge, Légende dorée",26
1357,"Jésus, Nouveau Testament, Passion, Evangiles, Vierge, Christ, Mise au tombeau",23
1361,"Daifilo, Granida, Pieter Cornelisz. Hooft, Dorilea",21
1365,Harman Dircksz. van de Kolck,11
1367,Ostie,4
1369,"Rome, Ab Urbe Condita, Lucrèce, Antiquité, Tite-Live",23
1373,"Hannibal, Zama, Scipion",9
1380,Dieu,4
1381,Pays-Bas,5
1384,"Les apocryphes, Jacques de Voragine, Vierge, Mariage de la Vierge, Saint-Esprit, Légende dorée",34
1386,"Nouveau Testament, Athènes",8
1387,"Isaac, Antiquité",7
1388,"Amphitrite, Neptune, Thétis, Pélée",16
1394,"Nouveau Testament, Matthieu, Evangiles",10
1401,"Nouveau Testament, Matthieu, Adoration des Mages, Evangiles, Jésus, Vierge, Christ",23
1405,"Cupidon, Corne d'abondance, Amour",15
1406,Tunis,4
1409,"Jésus, Nouveau Testament, Evangiles, Vierge, Christ, Matthieu, Adoration des mages",23
1411,François Devienne,6
1416,"Jésus, Jacques de Voragine, Vierge, Christ, Légende dorée",22
1419,"Christ en croix, Jésus, Christ",11
1420,"Nouveau Testament, Vocation des apôtres, Jésus, Christ",16
1424,"Jésus, Nouveau Testament, Passion, Evangiles, Vierge, Christ, Mise au tombeau",23
1425,Turquie,5
1426,"Jésus, Ascension, Nouveau Testament, Evangiles, Christ",15
1433,"Karl Theodor, Saint Empire Romain germanique, Toison d'Or",18
1443,"Emile Verhaeren, Marthe Massin",11
1444,"Espagne, Baléares",8
1445,"Espagne, Baléares, Majorque, Puig Major",15
1448,Brabant,4
1451,Dilbeek,4
1458,Bruxelles,4
1460,"Auderghem, Bruxelles",9
1462,"Woluwe, Bruxelles",7
1465,"Afrique, Italie",7
1470,"Polyxène, Pyrrhus, Troie, Achille",16
1472,"Vierge à l'Enfant, Fuite en Egypte, Jésus, Christ bénissant, Nouveau Testament, Sainte famille, Evangiles, Vierge, Christ, Matthieu",43
1473,"Jésus, Les miracles de saint Benoît, Jacques de Voragine, Vierge, Christ, Goths, Légende dorée, Dialogues avec saint Grégoire le Grand, Totila",46
1474,"Telphusa, Apollon, Ovide, Python, Métamorphoses",19
1475,"George, Hastings, Huntingdon",8
1477,"Jésus, Christ",7
1481,"Jésus, Nouveau Testament, Passion, Evangiles, Vierge, Christ, Calvaire, Jérusalem",27
1483,Italie,4
1488,"Haarlem, Grand-Place",8
1492,"Oude Kerk, Pays-Bas, Delft",12
1495,"Vierge à l'Enfant, Fuite en Egypte, Jésus, Nouveau Testament, Evangiles, Vierge, Christ, Matthieu",33
1504,Louvain,4
1524,"Anvers, Guillaume Tell",7
1528,"Rome, Italie",6
1551,"Rome, Italie, Vatican, Belvédère",14
1564,"Temps, Amour",5
1569,"Pays-Bas, Amsterdam, Johanna de Geer, Hendrick Trip",15
1570,"Hendrick Trip, Johanna de Geer",9
1573,"Jésus, Bernadette Denis, Anne-Marie Denis, Vierge, Christ, Noële Denis, Maurice Denis, Marthe Denis",31
1577,"Anvers, Escaut",7
1579,Bruxelles,4
1589,"Séville, Espagne",7
1595,"Simon, Jésus, Nouveau Testament, Repas chez Simon, Evangiles, Christ",20
1596,"Anvers, Escaut",7
1598,"Zélande, Pays-Bas",9
1605,Italie,4
1606,"Adoration des bergers, Jésus, Nouveau Testament, Evangiles, Vierge, Christ, Luc",23
1610,"Jésus, Nouveau Testament, Passion, Evangiles, Vierge, Christ, Déploration",22
1641,Louis Dubois,4
1646,"Namur, Beez",7
1652,François Huygens,7
1658,Nelly Hurrelbrinck,7
1665,Pentecôte,6
1666,Eugène Sterpin,8
1668,Théodore Baron,7
1674,Turquie,5
1677,"Nouveau Testament, Matthieu, Résurrection du Christ, Evangiles",17
1688,"Jonas, Ancien Testament, Livre des prophètes",15
1689,"Rome, Vatican, Loggia, Italie, Joseph-Charles De Meulemeester, Raphaël",25
1695,"Adoration des Mages, Jésus, Nouveau Testament, Evangiles, Vierge, Christ, Matthieu",23
1696,"Dédale, Ovide, Icare, Métamorphoses, Minos",19
1717,"Sybille de Cumes, Charon, Aeneis",15
1720,"Cérès, Corne d'abondance, Diane",15
1729,"Bethléem, Nouveau Testament, Evangiles, Hérode, Matthieu, Massacre des innocents",23
1731,"Adoration des Mages, Jésus, Nouveau Testament, Evangiles, Vierge, Christ, Matthieu",23
1733,"Bethléem, Nouveau Testament, Evangiles, Hérode, Matthieu, Massacre des innocents",23
1735,Vierge,4
1757,Paul Lambotte,6
1764,Jean van de Eeckhoudt,9
1789,James Ensor,5
1797,"Diane, Actéon",7
1798,"Espagne, Charles II",7
1803,Ensor,4
1805,Ostende,5
1811,"Adoration des bergers, Jésus, Nouveau Testament, Evangiles, Christ, Luc",20
1818,Remi Tronchot,6
1820,"L'Astrée, Honoré d'Urfé",14
1829,Paul Baignières,8
1837,Henri Evenepoel,7
1839,Louis Charles Crespin,6
1845,"France, Paris",5
1848,"Afrique, Orientalisme, Algérie",13
1849,"Afrique, Orientalisme, Algérie",13
1850,"Maurice Evenepoel, Annez de Taboada",14
1852,Philippe de Champaigne,7
1854,"Afrique, Orientalisme, Algérie",13
1855,"Ancien Testament, Genèse, Eve",11
1856,Edmond Evenepoel,7
1860,"Déploration, Nouveau Testament, Passion, Descente de Croix, Evangiles, Jésus, Christ",24
1869,"Michel Ange, Louise Riesener, Eva Callimaki-Catargi",15
1891,Hortense Bueso,6
1897,"Tibre, Vatican, Château Saint-Ange",12
1922,"Dauphiné, France",8
1931,"Jésus, Nouveau Testament, Passion, Evangiles, Vierge, Christ, Calvaire, Mise au tombeau, Jérusalem",32
1932,"Adoration des Mages, Jésus, Nouveau Testament, Evangiles, Vierge, Christ, Matthieu",23
1933,"Marius, Les vies des hommes illustres, grecs et romains comparées l'une avec l'autre, Carthage, Plutarque",38
1934,"Jésus, Nouveau Testament, Passion, Evangiles, Christ, Cène",19
1935,Bruxelles,4
1941,Antoine Wiertz,6
1947,Ardennes,4
1949,"Charles de Brouckère, Bruxelles",10
1953,"Heyst, Heyst sur Mer",9
1969,Lucas Faydherbe,7
1973,Neptune,3
1985,"Le déluge, Ancien Testament, Genèse",14
1994,"Orientalisme, Sahara",7
1996,"Nouveau Testament, Jugement dernier, Pèsement des âmes, Apocalypse, Eve, Adam",22
2000,"Musées royaux des Beaux-Arts de Belgique, Edouard Fétis",20
2003,"Espagne, Antoine Perrenot de Granvelle, Philippe II, Louis Gallait, Lamoral, Toison d'Or, Charles Quint",33
2005,"Montée au Calvaire, Jésus, Nouveau Testament, Passion, Christ",19
2008,"Orientalisme, Antioche",8
2010,Picke,4
2015,"Massanova, Mario de Gayassa",9
2017,"Arthur Bucheron, Saint-Genest",11
2018,"Mario de Gayassa, Marie-Louise de Crombrugge",15
2021,Bucheron Gallait,7
2023,"Joseph-Gustave Allard, Hortense Dansaert",13
2030,"Lamoral, Bruxelles",7
2033,Simonne Bucheron,7
2036,"Belgique, Toison d'Or, Léopold II",15
2038,"Marie-Henriette, Belgique",9
2046,Louis Faider,5
2048,"Vierge, Tournai",7
2051,"Montaigne, Le Tasse",9
2057,"Espagne, Philippe II, Grand Serment des Arbalétriers, Lamoral, Bruxelles",23
2064,"Belgique, Léopold II",9
2068,"Marie-Henriette, Belgique",9
2069,"Philippe le Beau, Jeanne la Folle",10
2070,Barthélémy du Mortier,10
2080,Adam,3
2083,Emmanuel de Winde,6
2088,"Bucheron, Amélie Gallait, Louis Gallait",15
2090,Emile de Laveleye,7
2091,"Diane, Apollon",6
2092,Charles Baugniet,6
2093,Léon Braunsberg,6
2096,"Lamoral, Bruxelles",7
2097,"Jésus, Henric van Dongelberghe, Vierge, Christ, Déploration, Bruxelles, Adriana Borluut",30
2106,"Wissocq, Faider",8
2109,"Belgique, Léopold I",9
2110,"Louise-Marie, Belgique",8
2114,"Wissocq, Juliette Faider",9
2123,Suzanne Bambridge,5
2127,Vierge,4
2133,"Pays-Bas, Gand",8
2158,"Mustapha IV, Empire Ottoman, Turquie",12
2165,"Dordrecht, Pays-Bas",9
2175,"Hécube, Troie, Polymnestor, Thrace",15
2189,"Adoration des Mages, Jésus, Nouveau Testament, Evangiles, Vierge, Christ, Matthieu",23
2193,Cornelis Danckerts de Rij,10
2194,Oede Seyle,6
2199,Charles Quint,5
2204,"Bruxelles, Anderlecht",8
2211,"Byzance, Andronic",8
2212,"Descente de Croix, Jésus, Nouveau Testament, Passion, Evangiles, Vierge, Christ, Déploration",27
2213,"Jésus, Nouveau Testament, Passion, Evangiles, Dérision du Christ, Christ",21
2215,"Toison d'Or, Charles le Téméraire",14
2220,Nicolas-Joseph Neuray,7
2225,"Hans Vredeman de Vries, Hercule, Abraham Bosse",16
2232,Christian Wilhel Ernst Dietrich,7
2248,"France, Picardie",7
2260,"Palais des ducs de Brabant, Bruxelles, Toison d'Or",18
2270,Houffalize,5
2280,Les apocryphes,7
2284,Silène,5
2285,"Alexandre della Faille, Anvers",9
2286,"Jésus, Nouveau Testament, Passion, Evangiles, Vierge, Christ, Calvaire",22
2291,"Genua, Gian Vincenzo Imperiale",10
2292,"Rome, Jacques de Voragine, Dioclétien, Légende dorée",20
2298,"Savoie, Thomas de Carignan",11
2300,"Pays-Bas, Isabella Clara Eugenia",10
2305,"Liège, Sy, Huy",10
2310,Bruxelles,4
2315,"Nieuwe-Zijds Heeren Logement, Amsterdam",14
2316,Italie,4
2321,"Dirck Ottens, Leyde, Cornelia Pietersdr.",17
2324,"Dirck Ottens, Leyde, Cornelia Pietersdr.",17
2332,"Belgique, Léopold",8
2363,Campine,4
2366,Sapinière,5
2398,"Nouveau Testament, Matthieu, Adoration des Mages, Vierge, Jésus, Evangiles, Christ",23
2423,"Houlgate, France",7
2432,"Ancien Testament, Genèse",9
2437,Anvers,4
2441,"Jan Snellinck, Anvers",10
2471,"Apparition à Madeleine, Jésus, Noli me tangere, Evangiles, Christ, Apparition du Christ",26
2515,"Ancien Testament, Genèse, Loth, Dieu",14
2518,"Achate, Enéide, Virgile, Libye, Enée",18
2574,"Vierge à l'Enfant, Jésus, Nouveau Testament, Vierge, Evangiles, Christ, Matthieu",27
2575,"Eve, Adam, Ancien Testament, Genèse",13
2577,"Vierge à l'Enfant, Vierge, Jésus, Christ",18
2587,"César, Plutarque, Alexandrie, Les Vies Parallèles, Théodate, Pompée",27
2588,Peter Frans Jacobs,5
2590,Lissewege,6
2600,René-Emmanuel Janssens,9
2604,"France, Fontenay-le-Fleury",11
2605,"Bormes-les-Mimosas, France",11
2610,"France, Paris, Seine",7
2635,"Jésus, Vierge, Christ",10
2647,Willem Jacob Herreyns,7
2660,"Rome, Romolo Koelman",9
2661,"Rome, Romolo Koelman",9
2669,Jan van Eyck,6
2670,Napoléon Godecharle,9
2672,Satan,3
2673,Georgette Dudaert,7
2722,Pierre Cambronne,6
2724,Emmanuel Hiel,5
2727,Jan Breydel,6
2728,"Pieter de Coninck, Bruges",10
2734,"Bruxelles, Schaarbeek, Auguste Reyers",13
2740,Joseph Charles de Meulemeester,10
2762,"Hollande, Neel Doff, Volendam",10
2763,Eugène Smits,8
2767,Gaston Marchant,5
2768,Narcisse,4
2769,Diane,3
2771,Frédéric Jean de la Hault,11
2774,Maurice Stracmans,6
2779,Léopold,5
2783,"Contre-Réforme, Saint Charles Borromée, Milan, Italie",18
2787,"France, Napoléon Bonaparte",10
2788,André Lens,4
2789,Philippe de Champaigne,7
2791,"Musées royaux des Beaux-Arts de Belgique, Guillaume Jacques Joseph Bosschaert",22
2794,Emile Sacré,6
2795,"Léon Cladel, Ompdrailles, le tombeau des lutteurs",19
2796,"Léon Cladel, Ompdrailles, le tombeau des lutteurs",19
2802,"Guillaume I, Pays-Bas",8
2826,André Vésale,6
2827,Henri Goethals,6
2829,François Voltaire,6
2832,Angélique d'Hannetaire,12
2833,Angélique d'Hannetaire,12
2834,Jean-François Portaels,9
2836,Ancien Testament,5
2839,Edouard Agneessens,7
2848,Jules Raeymaekers,7
2853,André Lens,4
2854,Waterloo,3
2860,Sénèque,6
2874,Jean Racine,5
2876,François Fénélon,8
2882,Jacob Jordaens,6
2883,"Grand-Place, Anvers, Escaut, Brabo",14
2887,John Milton,4
2890,Christoph-Martin Wieland,7
2891,Friedrich Schiller,5
2897,"États Unis d'Amérique, Georges Washington",14
2899,"Musées royaux des Beaux-Arts de Belgique, Charles Malaise",19
2904,Philippe van den Venne,7
2909,"Pierre Lambert Goossens, Malines",10
2914,Homère,4
2920,Pierre Verhulst,6
2923,"Charles-Joseph, Toison d'Or",11
2925,"Daphnis et Chloé, Longos, Longus",13
2933,"Edessa, Mgr. Granito Pignatelli di Belmonte",15
2939,"France, Napoléon Bonaparte",10
2941,"Pays-Bas, Guillaume II, Frédéric, Minerve, Orange-Nassau",20
2949,Frédéric Jean de la Hault,11
2951,Jan-Robert Calloigne,8
2959,"Belgique, Albert I",7
2960,"Belgique, Albert I",7
2964,Julien Dillens,5
2969,Louis Gallait,5
2971,Amour,3
2984,Eve,3
2997,"Rome, Lucius Sergius Catilina, Antiquité",15
2998,Henri Maquet,5
3001,"Emile de Mot, Bruxelles",8
3004,Charles Léon Cardon,7
3014,Charles Léon Cardon,7
3042,James Ensor,5
3066,Frans Pourbus II,6
3074,Joseph Paelinck,6
3075,"Bruxelles, Musées royaux des Beaux-Arts de Belgique, Guillaume Jacques Joseph de Bosschaert",26
3077,"Claude Renoir, Pierre-Auguste Renoir",12
3081,Eugène Guillaume,7
3082,Alphonse Legros,6
3083,"Calais, Guerre de Cent ans, Philippe IV, Angleterre, France, Edouard III, Jean d'Aire",26
3087,"Calais, Guerre de Cent ans, Angleterre, France, Edouard III, Phlippe IV, Jean d'Aire",28
3088,Ruth Toby,4
3091,Mathieu Kessels,5
3094,Italie,4
3112,Philippe van Brée,6
3115,"Orange-Nassau, Guillaume I, Pays-Bas",12
3117,Vierge,4
3162,Amour,3
3165,Louis Gallait,5
3174,Héraclès,7
3178,"Brialmont, Justa de Potter",10
3179,Eugène Verboeckhoven,11
3180,"Victoria, Angleterre",6
3183,"Psyché, Amour, Métamorphoses, Ovide",15
3188,"Pégase, Méduse, Gorgone, Métamorphoses, Persée, Ovide",24
3193,Léon Frederic,5
3200,"Adrien Taye, Bruxelles, Charles de Brecht",12
3201,Quinten Metsys,7
3208,"Belgique, Léopold I",9
3216,Emile Closset,6
3220,Frédéric,6
3227,"Belgique, Léopold I",9
3229,"Ferdinand II, Portugal",6
3230,Auguste,4
3232,"Angleterre, Albert, Saxe-Cobourg",12
3234,"Eugène Lamoral, Edwige Lubomirska",16
3238,"Charles de Brouckère, Bruxelles",10
3240,Charles Liedts,6
3244,"Nicolas Warocqué, Mariemont",10
3245,François Fétis,6
3250,David Teniers le Jeune,8
3252,François-Joseph Navez,8
3254,"Antoine Reinhard Falck, Pays-Bas",11
3255,Joseph Partoes,5
3256,Constant Materne,6
3257,"Société générale, Ferdinand de Meeus",16
3262,Cupidon,5
3274,"Clotilde Kleeberg, Samuel",10
3275,"Belgique, Elisabeth",6
3278,"Juliette Blum, Samuel",6
3287,"Paul du Bois, Alice Sèthe",10
3290,Paul Janson,5
3293,Ghislaine Vandervelde,8
3296,Charlotte,3
3301,"Bibliothèque Nationale, Paris, Joseph-Basile van Praet, Bibliothèque Royale",24
3303,Théodore Verhaegen,9
3312,"Titan, Prométhée, Métamorphoses, Ovide",17
3313,Jules Malou,5
3315,"Joséphine de Zualart, Joséphine Berardi",15
3319,Jean André van der Mersch,8
3320,Jean André van der Mersch,8
3324,Jean-Baptiste d'Omalius d'Halloy,14
3325,Pierre Joseph van Beneden,7
3326,Charles Thiéfry,6
3328,Guillaume Geefs,5
3330,Joachim Lelewel,6
3332,"Louise-Marie, Belgique",8
3334,Pierre Simons,4
3338,"Hamlet, Ophélie, Shakespeare",9
3339,Anna Boch,5
3351,Vénus,5
3352,"Etrurie, Italie",8
3359,"Celles, Louise de Timbrune-Valence",12
3364,"Louise-Marie, Belgique",8
3367,Ernest Corr,5
3371,"Belgique, Léopold II",9
3388,"Artot, Alexandre-Joseph Montagney",10
3400,Mars,3
3407,Naples,3
3413,"Belgique, Léopold I",9
3427,Philippe,3
3436,Léthé,5
3439,"Nicolas Jean Rouppe, Bruxelles",9
3441,"Erasme-Louis Surlet de Chokier, Belgique",14
3443,Psyché,4
3448,Gilles-Lambert Godecharle,9
3453,Rogier van der Weyden,8
3454,Peter Paul Rubens,6
3460,"Jésus, Christ",7
3464,Vierge,4
3468,Vierge,4
3470,"Auguste, Rome, Caius Jule César",13
3473,"Rome, Marc Aurèle",8
3482,Vierge,4
3498,"Jésus, Christ",7
3503,Théo van Rysselberghe,10
3506,Anvers,4
3517,Alfred Verwée,6
3523,Hans Memling,5
3554,"Raymond Lagae, Léonie Noulet",10
3560,"Thérèse Louise Croze, Jules Fayaerts",15
3562,"Jésus, Passions humaines, Christ",12
3563,Eugen Sandow,6
3570,Satan,3
3573,"Mons, Borinage",7
3574,Anvers,4
3576,"Katwijck, Pays-Bas",10
3580,Jacques Francart,5
3583,Rik Wouters,6
3584,Nel Wouters,6
3585,Nel Wouters,6
3586,Georges Giroux,5
3587,Nel Wouters,6
3588,Edgard Tytgat,7
3589,"Rik Wouters, Nel Wouters",11
3591,Edgard Tytgat,7
3592,Georges Giroux,5
3594,Georges Giroux,5
3601,Leroux,4
3602,Jean Krickx,6
3604,Georges Giroux,5
3606,James Ensor,5
3608,Charles-Joseph,5
3620,Tilman François Suys,8
3632,Epaminondas,6
3641,"Orange-Nassau, Frédéric",10
3643,"Orange-Nassau, Pays-Bas, Anna Pavlovna",14
3644,Nicolas de Russie,6
3662,"Jésus, Passion, Christ",9
3663,"Jésus, La messe de saint Grégoire, Christ, Judas",18
3664,"Vierge, Jésus, Christ",10
3665,"Lille, Barthélemy Alatruye",13
3666,Jean de Froimont,7
3667,"Jésus, Nouveau Testament, Passion, Vierge, Evangiles, Nativité, Christ, Crucifixion",26
3668,"Jésus, Nouveau Testament, Passion, Evangiles, Christ, Déploration",19
3670,"Vierge à l'Enfant, Vierge, Jésus, Christ",18
3673,"Vierge à l'Enfant, Jésus, Vierge, Christ",18
3674,"Descente de Croix, Jésus, Nouveau Testament, Passion, Evangiles, Vierge, Christ",23
3675,"Descente de Croix, Jésus, Nouveau Testament, Evangiles, Vierge, Christ",21
3677,Narcisse,4
3686,"Jésus, Nouveau Testament, Evangiles, Vierge, Nativité, Christ",20
3688,"Jésus, Christ",7
3690,Flore,4
3695,"Jésus, Les miracles de saint Benoît, Jacques de Voragine, Vierge, Christ, Goths, Légende dorée, Dialogues avec saint Grégoire le Grand, Totila",46
3696,Giotto,4
3736,Fosset,4
3818,"Hercule, Omphale, Lydie",11
3821,"Adoration des Mages, Jésus, Nouveau Testament, Evangiles, Vierge, Christ, Contre-réforme, Matthieu",29
3836,Charlotte Meunier,6
3875,Elodie Lamotte,6
3878,Victor Dandois,6
3879,Nel Wouters,6
3881,"Schinkel, Amsterdam",7
3887,Kobe de Malines,6
3888,Auguste Thomas,5
3937,"Kraanlei, Rijm, Alijns, Gand, Patershol, Huis van Alijn",26
3938,Gand,4
3943,"Crémens, France",7
3951,"Sophie Vandewynckele, Charles de Groux",13
3958,"Livre des Rois II, Ancien testament, Elie",14
3960,Ostende,5
3989,Ostende,5
3992,"James Ensor, La Gamme d'Amour",12
3996,Robert Goldschmidt,5
4014,Ostende,5
4015,Ostende,5
4016,"Boitsfort, Robert Goldschmidt, Bruxelles, Belgique II",16
4017,"Boitsfort, Robert Goldschmidt, Bruxelles, Belgique II",16
4018,"Ostende, Oudenbourg",9
4019,Ostende,5
4029,"Nona, Decima, Morta",10
4045,Prince Baudouin de Belgique,9
4065,"Volendam, Pays-Bas",9
4079,"Suzanne, Daniel, Ancien Testament, Livre des Prophètes",17
4084,Tombes,4
4093,Velthem,4
4094,Salzbourg,4
4095,"Londres, Thames, Angleterre",9
4100,Bachem,4
4101,"Allemagne, Neuenahr",10
4102,"Scheveningen, Pays-Bas",9
4103,Bachem,4
4105,"Allemagne, Neuenahr",10
4106,"Allemagne, Neuenahr",10
4110,Firmin Baes,5
4138,Dordrecht,5
4140,Tombes,4
4184,Esope,4
4188,Eve,3
4238,James Ensor,5
4239,Mariakerke,5
4286,"France, Paris, Seine",7
4318,Simon Lévy,5
4319,"Boitsfort, Bruxelles",8
4324,Lucien Wollès,7
4325,"Alfred Stevens, Lucien Wollès, Constantin Meunier",16
4328,Louise de Graaff,6
4344,Jean Cardon,5
4345,"Belgique, Léopold I",9
4346,"Belgique, Léopold I",9
4347,Charles d'Hoy,6
4372,Anne Discry-Legros,8
4395,Pan,3
4405,"Italie, Raphaël",8
4408,"Italie, Rome",6
4409,"Italie, Rome",6
4417,"Nouveau Testament, Passion, Calvaire, Evangiles, Jésus, Jérusalem, Crucifixion, Christ",28
4446,"Notre-Dame de Paris, Victor Hugo, Esméralda, Notre-Dame, Paris",21
4447,"Victor Hugo, Quasimodo, Notre-Dame de Paris",14
4449,"Patrocle, Illiade, Homère",10
4451,"Athéna, Homère, Iliade",11
4459,Cupidon,5
4479,"Jésus, Christ",7
4487,"Nouveau Testament, Fuite en Egypte, Evangiles, Vierge, Jésus, Christ",22
4488,"Laetitia Bonaparte, Napoléon Bonaparte",15
4491,Rome,3
4492,Rome,3
4494,Rome,3
4509,Gaëtan de Somzée,9
4515,Judic,4
4517,Clementine de Belgique,6
4518,Auguste Lambermont,7
4520,"Hugo van der Goes, Bruxelles, Rouge-cloître",15
4528,Joseph-Gustave Allard,7
4529,"Pierre van der Werff, Leyde, Pays-Bas",14
4532,"Ordre de Léopold, Belgique, Toison d'Or, Leopold I, Jarretière",24
4533,"Belgique, Léopold I",9
4534,"Charles I, Angleterre",7
4539,Bruxelles,4
4547,"Juliaan de Vriendt, Marie de Vriendt",16
4548,"Jésus, Vierge, Christ, Noël",14
4550,"Philippe le Beau, Gand, Marguerite d'York, Charles Quint, Sire de Mons",23
4562,Nieuport,4
4568,Ostende,5
4572,"Bruxelles, Ixelles",7
4595,Kranenburg,4
4596,Willem van Heythuysen,8
4597,"Leyde, Johannes Hoornbeek",9
4606,"Vita, Jacobus de Voragine, Vitae Patrum, Athanase, Légende dorée",24
4619,"Italie, Evangiles, Naples, Jean",11
4620,"Italie, Naples, Santa Maria la Nuova",12
4621,"Andries Willemsz. van Sonnevelt van Oudshoorn, Wilhelmina Palinc",24
4624,"Andries Willemsz. van Sonnevelt, Wilhelmina Palinc",19
4638,Jérusalem,6
4641,Gilles-Lambert Godecharle,9
4642,"Pays-Bas, Guillaume-Frédéric-Charles de Nassau",16
4643,"Prince d'Orange, Guillaume-Frédéric-Georges-Louis de Nassau",19
4647,Constantin Meunier,7
4648,Bruxelles,4
4651,"La Hulpe, Bruxelles",8
4653,Anna Boch,5
4654,Franz Binjé,6
4659,"Bethléem, Nouveau Testament, Jacques de Voragine, Evangiles, Vierge, Luc, Légende dorée",28
4662,Louis David,4
4663,"Ancien Testament, Genèse, Orientalisme, Ismaël, Agar",19
4664,"Guerre de Quatre-vingt ans, Espagne, Anvers, Pays-bas",21
4665,"Léopold II, Belgique, Bruxelles, Marie-Henriette",17
4672,"Afrique, Maroc, Tanger",10
4678,"La Libre Esthétique, Les XX, Octave Maus",16
4679,Charles Maus,5
4682,Méditerranée,7
4694,Léon Spilliaert,8
4695,Ostende,5
4725,"Jésus, Nouveau Testament, Evangiles, Vierge, Christ, Mise au tombeau",21
4726,"Jésus, Italie, Vierge, Christ, Contre-Réforme, Milan",21
4728,"Jésus, Nouveau Testament, Evangiles, Vierge, Nativité, Christ",20
4730,Otto Vaenius,6
4731,Edouard Agneessens,7
4760,Marguerite Khnopff,8
4772,Marguerite Landuyt,8
4812,"Barbara le Maire, Joris van de Velde, Bruges",16
4813,"Jésus, Vierge des Douleurs, Nouveau Testament, Vierge, Evangiles, Christ",23
4814,"Jésus, Passion, Vierge, Christ, Calvaire, Jésus cloué sur la croix",25
4818,"Rupert de Molesme, Bernard de Clervaux",13
4819,"Jésus, Nouveau Testament, Passion, Evangiles, Vierge, Christ, Calvaire, Jérusalem",27
4826,"De Smidt, Saint Vincent",9
4827,"Jésus, De Smidt, Vierge, Christ",15
4828,"Bruxelles, Ommegang",8
4840,"Espagne, Fernando Alvarez de Toledo, Toison d'Or, Pays-Bas",19
4847,"La femme adultère, Jésus, Nouveau Testament, Evangiles, Jean, Christ",20
4848,"Jésus, Vierge, Christ",10
4849,"Montée au Calvaire, Jésus, Silvestre I, Rome, Nouveau Testament, Passion, Pont Milvius, Evangiles, Christ, Constantin",35
4850,Charles Quint,5
4851,"Inde, Gondoforus, Jésus, Nouveau Testament, Jacques de Voragine, Evangiles, Christ, Apparition à Thomas, Légende dorée",38
4853,"Jésus, Vierge, Christ, Sainte Famille",15
4854,"Fuite en Egypte, Jésus, Nouveau Testament, Evangiles, Vierge, Christ, Matthieu",25
4862,"Margareta van Riebeke-Parmentier, Adam van Riebeke",18
4875,"Jésus, Jacques de Voragine, Vierge, Christ, Légende dorée",22
4881,"Nouveau Testament, Evangiles",7
4882,"Nouveau Testament, Ephèse",8
4912,Hypnos,4
4913,"Jésus, Christ",7
4917,Euphrosine Beernaert,8
4959,Amblève,6
4968,Edegem,4
4975,Laurent de Rasière,7
4976,Campine,4
4977,"Aletta van Hontum, Laurent de Rasière",13
4988,"Eliézer, Ancien Testament, Genèse, Rebecca",15
4990,"Furie française, Pays-Bas, Anvers, Guerre de Quatre-vingt ans",23
4996,Marie de Bourgogne,7
4998,"Philippe le Bon, Toison d'Or",11
5005,"Vénus, Amour",7
5006,"Nouveau Testament, Evangiles, Pietà, Vierge, Jésus, Christ",20
5008,"Catholicisme, Cène, Jésus, Christ",14
5009,"Senne, Bruxelles",7
5017,"Carlo Maratta, Minerve",8
5018,François-Joseph Navez,8
5021,Ardennes,4
5027,"Descente de Croix, Jésus, Nouveau Testament, Passion, Evangiles, Vierge, Christ, Mise au tombeau",28
5028,"Panthéon d'Agrippa, Rome, Italie, Hercule Farnèse",21
5029,"Marie Monnom, Théo van Rysselberghe",14
5031,"Glaucus, Scylla, Métamorphoses",14
5033,"Nouveau Testament, La femme adultère, Christ, Evangiles, Jean, Jésus",20
5034,"Louveciennes, France",8
5036,"Ancien Testament, Genèse, Eve",11
5038,"Méduse, Minerve",8
5041,Schoeters,4
5044,"Le dénombrement de Bethléem, Pieter II Brueghel",18
5048,Japon,4
5055,"Hercule, Eurysthée, Douze travaux d'Hercule",19
5065,"Danaé, Jupiter, Ovide, Métamorphoses",15
5101,Darío de Regoyos,9
5103,Marcel Binjé,6
5110,Emile Verhaeren,6
5111,Mommen,4
5113,Albert Mockel,5
5117,Ostende,5
5118,"Nouveau Testament, Evangiles, Vierge, Saint-Esprit",15
5121,"Bal du rat mort, Ostende",10
5162,"Nouveau Testament, Agneau mystique, Evangiles, Jean, Jésus, Christ",20
5174,Nelly Hurrelbrinck,7
5204,Ostende,5
5207,Ostende,5
5208,"Psyché, Cupidon, Vénus, Cérès, Métamorphoses, Junon, Apulée",29
5226,Bruges,4
5227,"Minnewater, Bruges",7
5230,Fernand Khnopff,7
5233,"Ostende, Galeries Royales",10
5236,Ostende,5
5239,Galathée,5
5255,"Liège, Jean Richepin, Vieil Heidelberg, La Glu, Théâtre du Trocadéro",26
5256,Emile Verhaeren,6
5260,"Jacques de Voragine, Anglais, Bretagne, Légende dorée",19
5261,Venise,4
5264,Xavier Mellery,5
5266,"Tibre, Rome, Italie, Château Saint-Ange",15
5271,Xavier Mellery,5
5272,"Italie, Venise",7
5273,Xavier Mellery,5
5275,Rome,3
5288,"Jésus, Les apocryphes, Vierge, Christ",16
5294,"Nouveau Testament, Jugement dernier, Vierge, Apocalypse",14
5296,"Lénore, Gottfried August Bürger",12
5299,"Livre de Samuel I, David, Ancien Testament, Abigaïl",18
5302,Xavier Mellery,5
5308,Norga,4
5312,"Toison d'Or, Charles le Téméraire",14
5354,Abraham Bloemaert,6
5361,Isabelle Zuccaro,6
5363,"Pierre van der Werff, Leyden, Pays-Bas",14
5364,"Diane de Poitiers, François Ier",11
5365,Corne d'abondance,9
5366,Antoon Van Dyck,7
5371,"Palais des Beaux-Arts, Balat, Belgique, Bruxelles, Léopold II",22
5374,Janus,4
5382,Walkyries,5
5385,"Lamoral, Bruxelles",7
5386,"Lamoral, Bruxelles",7
5387,Lamoral,4
5392,Espagne,4
5393,"Euros, Bacchus",6
5395,"Vita e miracoli di san Giacinto confessore dell'ordine de Predicatori, Dominicain, Cybo Ghisi",29
5396,Salomé,4
5397,Suys,4
5399,"Engelspach-Larivière, Belgique",12
5401,Taddeo Zuccari,7
5402,"Livre des Rois II, Orientalisme, Athalie, Jean Racine, Ancien Testament",23
5404,Joseph Paelinck,6
5405,Charles de Gavre,6
5407,"Salomon, Orientalisme, Israël, Livre des rois I, Ancien Testament",23
5409,Henri Voordecker,5
5410,Madame Doucet,5
5411,James Ensor,5
5412,Faber,3
5417,Martin-Joseph Allard,7
5418,Etienne Le Roy,5
5419,Navez,4
5420,Nicolas-Joseph-Xavier Lion,8
5421,Henri Van Assche,6
5422,Louis Alvin,4
5424,"Hercule, Ovide, Métamorphoses",13
5426,"Ancien Testament, Genèse, Ismaël, Orientalisme, Agar",19
5427,François-Jospeph Fétis,10
5438,"Fabulae, Hygin, Toison d'Or, Jason",16
5454,"Poeticon Astronomicon, Hercule, Hygin, Antiquité, Junon",19
5460,"Théogonie, Vénus, Hesiode",15
5471,"Sémélé, Jupiter, Ovide, Métamorphoses",17
5482,"Métamorphoses, Phaëton, Ovide",14
5494,"Nouveau testament, Apocalypse",6
5495,"La femme adultère, Jésus, Nouveau Testament, Evangiles, Exode, Jean, Christ, Ancien Testament",27
5496,"Assomption, Jacques de Voragine, Vierge, Contre-réforme, Légende dorée",26
5497,"Jésus, Pietà, Vierge, Christ, Contre-Réforme",20
5498,"Io, Argus, Ovide, Mercure, Hermès, Métamorphoses, Antiquité",25
5499,"Jésus, Vierge, Christ, Contre-Réforme",16
5500,"Couronnement de la Vierge, Jésus, Nouveau Testament, Vierge, Christ, Trinité, Apocalypse, Saint-Esprit, Dieu",36
5501,"Lapithes, Ovide, Hippodamie, Metamorphoses",15
5502,"Gand, Contre-Réforme",10
5505,"Métamorphoses, Ovide",10
5508,"Apollon, Midas, Tmolus, Ovide, Pan, Metamorphoses",19
5516,"Poverella, De Vigne",8
5517,"Poverella, De Vigne",8
5551,"Cupidon, Vulcain, Vénus, Cérès, Pomone, Corne d'abondance",27
5553,"Mars, Angleterre, Méduse, Minerve, Jacques I",16
5555,"Vierge à l'Enfant, Jésus, Vierge, Christ",18
5556,"Jean Charles de Cordes, Jacqueline van Caestre",13
5557,"Jean Charles de Cordes, Jacqueline van Caestre",13
5565,"Philippus Aureolus Paracelsus, Theophrastus Bombastus von Hohenheim",24
5566,"Peter Paul Rubens, Hélène Fourment",14
5574,"Pieter Pecquius, Brabant",9
5579,"Méléagre, Ovide, Métamorphoses, Calydon, Atalante",22
5581,"Nouveau Testament, Jésus, Evangiles, Jean, Jésus instruisant Nicodème, Christ",26
5585,"Pays-Bas, Albert, Toison d'Or, Isabella Clara Eugenia",18
5587,"Pays-Bas, Albert, Isabelle Claire Eugénie",14
5588,"Johanna van Heyst, Zuydewyn van Nuyssenburch",16
5589,"Ernest de Habsbourg, Hongrie, Pays-Bas, Toison d'Or",21
5590,"Zuydewyn van Nuyssenburgh, Johanna van Heyst",16
5594,"Italie, Volterra",7
5597,"Anvers, Jan Roose",8
5598,"Jan Roose, Anna Fredericx",10
5604,"Jésus, Jésus devant Pilate, Nouveau Testament, Passion, Evangiles, Christ, Pilate",26
5605,"Montée au Calvaire, Jésus, Golgotha, Nouveau Testament, Passion, Evangiles, Vierge, Christ, Simon de Cyrène",36
5613,"Jésus, Sainte famille, Vierge, Christ",15
5614,"Ansegisèle, Pépin de Herstal, Begga de Landen",19
5622,Peter Paul Rubens,6
5623,Peter Paul Rubens,6
5627,"Maximilien I, Allemagne, Autriche",14
5639,Antoon van Dyck,7
5640,Justus Lipsius,6
5642,Abraham Ortelius,6
5652,"Suzanne, Daniel, Ancien Testament, Livre des Prophètes",17
5657,"Borée, Orithye, Eschyle, Titan",13
5658,Epiphanie,4
5663,"Jacques de Voragine, Vierge, Mariage de la Vierge, Légende dorée",23
5667,"Klistra, Nouveau Testament, Lystra, Zeus",12
5668,"Adonis, Cupidon, Vénus",12
5673,"Dalila, Ancien Testament, Livre des Juges, Samson",16
5683,"Cécile, Jésus, Nouveau Testament, Evangiles, Vierge, Nativité, Christ, Valérien",28
5699,"Pyrame, Ovide, Thisbé, Métamorphoses",17
5705,"Psyché, Mercure, Caducée",11
5707,"Nouveau Testament, Passion, Descente de Croix, Evangiles, Vierge, Jésus, Christ",23
5708,"Nouveau Testament, Passion, Mise au tombeau, Evangiles, Vierge, Jésus, Christ",23
5723,"Maximilien I, Autriche, Tyrol",13
5732,"Jésus, Vierge, Christ, Sainte Famille",15
5738,"Rome, François Charles Joseph Bonaparte",11
5749,"Sablon, Pays-Bas, Albert, Petit Serment des Arbalétriers, Bruxelles, Archiduc d'Autriche, Pays-bas",35
5751,"Sablon, Pays-Bas, Isabelle Claire Eugénie, Grand Serment des Arbalétriers, Bruxelles",28
5752,"Sablon, Pays-Bas, Albert, Isabelle Claire Eugénie, Bruxelles, Archiduc d'Autriche",28
5753,Amour,3
5754,"Jésus, Nouveau Testament, Evangiles, Jean, Christ, Résurrection de Lazare, Miracle du Christ",27
5761,"Christ, Jacques de Voragine, Jésus, Vierge, Légende dorée",22
5771,"Jésus, Evangiles, Vierge, Nativité, Christ, Nouveau testament",20
5782,"Jésus, Nouveau Testament, Evangiles, Vierge, Nativité, Christ",20
5801,Francesca Genga,5
5815,"Nouveau Testament, Le fils prodigue, Luc, Evangiles",14
5818,"Nouveau Testament, Evangiles, Salomé, Matthieu, Hérodiade",18
5819,"Jupiter, Junon, Bacchus",9
5825,"Bruxelles, Laeken, Isabelle Claire Eugénie, Notre-Dame-de-Laeken",25
5834,Cupidon,5
5839,Hercule,4
5864,"Pays-Bas, Haarlem",8
5878,"Espagne, Callo, Pays-Bas, Anvers, Escaut",17
5880,"Marie de Médicis, Escaut, Isabelle Claire Eugénie, Tête de Flandre, Anvers",27
5882,Anvers,4
5883,"Pays-Bas, Albert, Bruxelles, Archiduc d'Autriche, Toison d'Or",24
5885,"Scheveningen, Pays-Bas",9
5886,"Pays-Bas, Espagne",8
5888,"Rome, Campo Vaccino",7
5893,"Pieter Pietersz Heijn, Oude Kerk, Hollande, Pays-Bas, Delft",21
5896,"Pays-Bas, Delft",7
5898,"Charles-Armand de Gontaut, France",12
5904,"Athènes, Ovide, Hersé, Mercure, Hermès, Métamorphoses, Antiquité",29
5935,Romulus,4
5943,"Nouveau Testament, Jésus bénissant les enfants, Evangiles, Jésus, Christ",23
5944,"Hersé, Hermès, Mercure, Amour",14
5950,"Oreste, Pyrrhus, Delphes",12
5967,"Mary von Stuck, Diego Velázquez, Franz von Stuck",15
5983,"Jésus, Nouveau Testament, Evangiles, Vierge, Christ, Luc, Présentation au temple",25
5986,Charles V,4
6004,Hercule,4
6007,Italie,4
6042,James Ensor,5
6079,"Jésus, Nouveau Testament, Evangiles, Jean, Christ, Cène, Lavement des pieds",25
6080,"Jésus, Christ",7
6083,"Vierge, Ave Maria",7
6084,"Maria Petrie, Maria Zimmern",9
6090,Henri de Régnier,7
6091,"Maroc, Meknès, Orientalisme",12
6092,Constantin Meunier,7
6121,"Bruxelles, Schaerbeek",8
6124,"Assomption, Les apocryphes, Jacques de Voragine, Vierge, Légende dorée",26
6131,"Rome, Antiquité",7
6136,Blankenberghe,6
6137,Périclès Pantazis,9
6139,"Vierge, Ave Maria, Vierge à l'enfant",15
6141,"Hercule, Antée, Douze travaux d'Hercule",17
6150,Nardus,4
6157,Edouard Schuré,6
6161,René Wybauw,7
6162,Henri Evenepoel,7
6163,"Afrique, Orientalisme, Algérie",13
6164,"Afrique, Orientalisme",8
6165,"Afrique, Orientalisme",8
6166,"Afrique, Orientalisme",8
6167,"Afrique, Orientalisme",8
6168,"Afrique, Orientalisme",8
6175,"Pont des Arts, Seine, Paris",9
6177,"Gustave Eiffel, France, Exposition Universelle, Paris",13
6178,"Assomption, Les apocryphes, Jacques de Voragine, Vierge, Les apôtres, Légende dorée",31
6187,"Anvers, Escaut, Hôtel de ville, Paysage",16
6188,"Rome, Antiquité, Vespasien",12
6189,"Jésus, Vierge, Christ, Sainte Famille",15
6194,Louise van Mattenburgh,7
6207,"Autriche, Joseph II",8
6209,Vierge,4
6216,"Psyché, Cupidon",8
6219,Gustave De Smet,6
6221,Amour,3
6222,Ostende,5
6223,"Nouveau Testament, Matthieu, Adoration des Mages, Evangiles, Jésus, Vierge, Christ",23
6228,Augustin Coppens,6
6231,Neptune,3
6234,William Shakespeare,4
6235,John Milton,4
6237,Lambert de Liverlo,6
6243,"Auguste, Rome",6
6244,"Rome, Tibère",6
6245,"Rome, Vitellius",7
6247,Rome,3
6248,"Rome, Domitien",7
6249,"Rome, Lucius Verus",8
6250,Vénus,5
6252,"Vierge de douleur, Vierge",10
6253,Guillaume Vogels,5
6259,François-Paul Vanden Eeckhoudt,12
6260,Constantin Meunier,7
6261,"Vierge à l'Enfant, Vierge, Jésus, Christ",18
6268,"Jésus, Christ",7
6269,"Athéna, Apollon, La terre, Antiquité",15
6270,Emile Verhaeren,6
6271,Iwan Gilkin,6
6272,Amour,3
6273,Edmond Picard,4
6274,Camille Lemonnier,5
6276,Paul Janson,5
6277,Adrien Joseph Heymans,6
6278,"Juliette Wytsman, Rodolphe Wytsman",11
6279,"Vierge de douleur, Vierge",10
6280,Hercule,4
6281,Jan Stobbaerts,7
6282,Edmond Evenepoel,7
6283,Lucien Wollès,7
6284,Ernest Afchain,5
6285,Verstraeten,6
6295,Anvers,4
6299,"Vierge à l'Enfant, Vierge, Jésus, Christ",18
6300,Uranie,4
6310,"Dioscure, Saint-esprit, Jacques de Voragine, Légende dorée",22
6311,"Cupidon, Amour",7
6313,Rik Wouters,6
6315,Auguste Oleffe,6
6317,Nieuport,4
6318,Hercule,4
6329,"Bruxelles, Senne",7
6330,"Séville, Espagne",7
6332,"Descente de Croix, Jésus, Nouveau Testament, Evangiles, Vierge, Christ",21
6336,"Belgique, Parc de Bruxelles",9
6339,Diane,3
6341,"Brabant, Emmanuel-Marie de Cock",11
6343,"Ariane, Bacchus",7
6344,Escaut,4
6345,Venise,4
6347,"Minerve, Vénus, Pâris, Junon",15
6350,Hongrie,5
6353,"Vénus, Minerve, Pâris, Amour, Junon",17
6354,"Titan, Prométhée",8
6355,Reyers,4
6356,Ophélie,5
6365,"Hercule, Douze travaux d'Hercule",14
6367,"Jacques van Artevelde, Gand",10
6368,Pierre Simons,4
6369,"Belgique, Gouvernement provisoire",13
6370,"Ulysse, Odyssée",10
6371,"Vierge, Jésus, Christ",10
6372,Courtrai,5
6376,Suisse,3
6379,"Orientalisme, Enée, Didon, Enéide, Virgile",19
6380,Bruxelles,4
6383,"Nouveau Testament, La brebis égarée, Evangiles",14
6385,"Pays-Bas, Charles Quint",9
6387,"Salomon, Israël, Livre des rois I, Frans Floris, Ancien Testament",23
6394,Eugène Smits,8
6400,"Syrinx, Métamorphoses, Ovide, Pan",16
6405,Bacchus,4
6407,"Israël, David",7
6409,Minerve,4
6411,"Nouveau Testament, Satan, Apocalypse",8
6412,Diane,3
6416,Vierge,4
6417,"Jésus, Nouveau Testament, Passion, Evangiles, Christ, Crucifixion",19
6418,"Passion, Nouveau testament, Calvaire, Jésus, Les larrons, Evangiles, Crucifixion, Christ",27
6425,"Marie de Hongrie, Charles Quint",11
6426,Marie de Hongrie,7
6427,"Grand Serment des Arbalétriers, Lamoral, Bruxelles",17
6430,"Kipdorppoort, Furie française, Anvers, Pays-Bas, Guerre de Quatre-vingt ans",29
6432,"Anvers, Escaut",7
6433,"Pays-Bas, Couvent des soeurs d'Orthen, Bois-le-Duc",21
6434,"Moerdijk, Pays-Bas",9
6436,"Raamsdonk, Geertruidenberg",14
6439,Chaumont-Gistoux,8
6440,"Allemagne, Prusse, Oberstein",11
6442,"Belgique, Guillaume I, France, Anvers, Citadelle d'Anvers, Pays-bas",24
6443,"Belgique, Guillaume I, France, Anvers, Citadelle d'Anvers, Pays-bas",24
6444,"Orange-Nassau, Grave, Guillaume III, Pays-Bas",14
6445,"Belgique, Guillaume I, France, Anvers, Citadelle d'Anvers, Pays-bas",24
6446,"Belgique, Guillaume I, France, Anvers, Citadelle d'Anvers, Pays-bas",24
6447,"Orange-Nassau, Grave, Guillaume III, Pays-Bas",14
6448,"Belgique, Guillaume I, France, Anvers, Citadelle d'Anvers, Pays-bas",24
6450,"Orange-Nassau, Guillaume III, Pays-Bas, Gemert",15
6451,"Espagne, Guerre de Quatre-vingt ans, Ostende, Pays-Bas, Siège d'Ostende",31
6453,"Pays-Bas, Espagne, Guerre de Quatre-vingts ans, Anvers, Furie espagnole",27
6455,"Orange-Nassau, Pays-Bas, Gemert, Guillaume III",15
6456,Orientalisme,5
6457,"Verloren Kost, Mont César, Louvain",13
6458,Perk,3
6460,"Afrique, Maroc, Orientalisme",11
6461,"Remigio Cantagallina, Bruxelles, Anderlecht",16
6462,"Afrique, Maroc, Orientalisme",11
6463,"Afrique, Maroc, Orientalisme",11
6464,"Afrique, Maroc, Orientalisme",11
6466,"Bruxelles, Etterbeek, Anderlecht",12
6468,Orientalisme,5
6469,"Bruxelles, Anderlecht",8
6471,Ypres,4
6472,Ypres,4
6476,Charles Quint,5
6477,"Bruxelles, Hof ter Biest, Anderlecht",13
6478,Charles Quint,5
6479,"Charles Quint, Orange-Nassau, Guillaume I, Pays-Bas, Guillaume d'Orange",21
6480,"Remigio Cantagallina, Vilvorde, Bruxelles",16
6481,"Bruxelles, Willebroek",8
6482,"Forest, Bruxelles",6
6483,Charles Quint,5
6485,"Forest, Bruxelles",6
6486,"Lamoral, Bruxelles",7
6487,"Dalila, Ancien Testament, Samson",10
6488,Vierge à l'Enfant,9
6489,"Forest, Bruxelles",6
6490,Charles Quint,5
6492,Bruxelles,4
6493,Bruxelles,4
6494,Bruxelles,4
6495,"Remigio Cantagallina, Bruxelles",12
6496,"Saint-Gilles, Bruxelles",8
6497,"Remigio Cantagallina, Bruxelles",12
6498,"Bruxelles, Saint-Gilles",8
6499,"Bruxelles, Wollendries",8
6503,"Bruxelles, Wollendries",8
6504,Bruxelles,4
6505,"Remigio Cantagallina, Bruxelles, Schaerbeek",16
6507,"Bruxelles, Schaerbeek",8
6510,"Bruxelles, Wollendries",8
6511,"Livre de Tobie, Raphaël, Ancien Testament, Bruxelles, Tobie, Anderlecht",25
6512,Bruxelles,4
6513,"Bruxelles, Wollendries",8
6514,"Bruxelles, Pavillon de Beauregard",10
6517,Bruxelles,4
6518,Bruxelles,4
6521,"Hospice Ter Arken, Bruxelles",9
6522,"Bruxelles, Cathédrale Saint-Michel et Gudule",16
6524,Bruxelles,4
6525,"Palais des ducs du Brabant, Bruxelles, Hôtel d'Hoogstraeten",23
6526,"Bruxelles, Forêt de Soignes",12
6529,"Bruxelles, Boitsfort, Fôret de Soignes",16
6532,"Escaut, Temse",7
6533,"Hola, Spa, Wayai",8
6534,Spa,3
6535,"Visé, Meuse, Argenteau",11
6536,"Pays-Bas, Maastricht",9
6538,"Escaut, Temse",7
6539,"Tournai, Grand-place",8
6542,"France, Hénin-Liétard, Pas de Calais, Hénin-Beaumont",22
6545,"Escaut, Temse",7
6557,"Remigio Cantagallina, Spa",11
6571,Bruxelles,4
6573,Bruxelles,4
6576,"Gibelins, Guelfes, Visconti, Milan, Torriani",17
6578,Mary Douglas,4
6579,Edward Hyde,4
6580,"Judith, Holopherne",7
6586,"Bruxelles, Aurèle Augustin Coppens",12
6587,"Anvers, Escaut",7
6588,"Lierre, Guerre de Quatre-vingt ans, Grande Nèthe, Pays-Bas, Furie Lierroise, Petite Nèthe",36
6590,Anvers,4
6591,"Allemagne, Stahleck, Rhin",13
6592,"Loire, France, Saumur",8
6593,"Loire, Nantes",5
6597,Italie,4
6600,"L'Art, Léon Gauchez, Paul Leroi",14
6602,"Musées royaux des Beaux-Arts de Belgique, Edouard Fétis",20
6603,Louis Gallait,5
6604,Jean Rousseau,5
6605,"Vughterheide, Lekkerbeetje, Gerard Abraham van Houwelingen, Charles de Bréauté, Bois-le-Duc",32
6606,"Dyle, Malines, Couvent de Béthanie",14
6608,"Alexandre Hippolyte, Bruxelles",9
6609,"Bruxelles, Tervuren",8
6615,Héraclite,6
6616,Démocrite,6
6617,"Trident, Neptune, Thétis",9
6620,"Nouveau Testament, Evangiles, Vierge, Jésus, Christ",16
6621,"Nouveau Testament, Damas, Actes des Apôtres, Ancien Testament, Livre des prophètes, Daniel",28
6622,"Ancien Testament, Abraham, Melchisédech, Genèse",17
6624,Italie,4
6626,"Philippe le Beau, Jeanne la Folle",10
6627,Charles Quint,5
6628,"Espagne, Philippe II, Marie de Hongrie, Toison d'Or, Scène historique, Charles Quint",30
6629,Eugen Sandow,6
6630,Henri Leys,4
6631,"Antoine de Bourgogne, Grand Bâtard, Toison d'Or",19
6632,Philippe le Beau,5
6633,"Jésus, Grèce, Christ, Turquie, Constantine Canaris",19
6635,Italie,4
6636,Italie,4
6637,"Mont Rose, Italie, Suisse, Alpes",12
6638,Joseph Schubert,4
6643,Louvain,4
6644,"Belgique, Première guerre mondiale",12
6645,"Exposition universelle, Bruxelles",9
6659,Suzanne Martin,4
6685,Jean Charles Houzeau,7
6686,Henri Leys,4
6687,"Belgique, Léopold I, Jules van Praet, Léopold II",19
6688,Jean Servais Stas,6
6689,Antoine Wiertz,6
6691,Omnia,4
6693,Sterpenich,5
6701,Gembloux,6
6702,Namur,4
6703,Namur,4
6704,"Confrérie de Saint-Sébastien, Bruges",15
6706,"Grand Serment, Bruxelles",8
6707,"Grand Serment, Bruxelles",8
6708,"Grand Serment, Bruxelles",8
6709,"Grand Serment, Bruxelles",8
6710,"Bruxelles, Serment de Saint-Christophe",11
6711,"Bruxelles, Serment de Saint-Christophe",11
6712,Serment de Saint-Christophe,8
6713,"Bruxelles, Serment de Saint-Christophe",11
6714,"Bruxelles, Serment de Saint-Christophe",11
6715,"Serment de Saint-Michel, Bruxelles",11
6737,Alost,4
6738,Lokeren,5
6739,Menin,4
6740,Courtrai,5
6741,Ypres,4
6742,Wetteren,5
6743,Deynze,5
6789,"Ancien Testament, Ruth, Naomi",9
6877,"Italie, Alpes",7
6884,Ordre de la Sainte Trinité,11
6924,Franchimont,5
6925,Spa,3
6928,Spa,3
6937,"Lydie, Hercule, Omphale",11
6938,"Apollon, Pénée, Ovide, Daphné, Métamorphoses",21
6939,"Cupidon, Ovide, Vertumne, Métamorphoses, Pomone",21
6961,"Pays-Bas, Toison d'Or",11
6962,"Pays-Bas, Charles-Alexandre de Lorraine",11
6966,"Agneau mystique, Jésus, Christ",12
6969,Jemima Dutton,6
6970,William Augustus,4
6972,"Alpes, Tyrol",7
6975,Saint François d'Assise,9
6987,"Hillegom, Pays-Bas",9
6988,Pays-Bas,5
6989,"Pays-Bas, Harlem",7
7017,Cérès,5
7059,"Apollon, Corne d'abondance",12
7060,Adam,3
7061,Eve,3
7062,Nancy,3
7066,Pays-Bas,5
7107,"Silvius, Leyde, Franciscus Deleboe",12
7108,"Apollon, Minerve",7
7109,Apollon ?,5
7114,"Diemen, Pays-Bas, Amsterdam, Nieuwe Diep, Zuiderzee, Het IJ, Diemerdijk, Jaaphannes",33
7126,"Ovide, Corne d'abondance, Naïades",16
7127,"Leyde, Pays-Bas, Rhin",11
7128,"Cupidon, Europe, Zeus",9
7129,"Leyde, Pays-Bas, Rhin",11
7131,"Woerden, Pays-Bas",9
7134,"Liège, Val Saint Lambert",9
7143,"Jeanne Meunier, Constantin Meunier",12
7146,"Séville, Espagne",7
7147,"Séville, Espagne",7
7148,"Séville, Espagne, Café del Burrero, Flamenco",14
7149,"Espagne, Séville",7
7150,"Séville, Espagne",7
7151,"Liège, Val Saint Lambert",9
7156,"Jeanne Meunier, Constantin Meunier",12
7160,"Frameries, Borinage, Agrappe",11
7162,Pâturages,6
7166,Borinage,5
7174,Borinage,5
7181,"Bruxelles, Schaerbeek",8
7187,Borinage,5
7203,"Jésus, Pâques, Espagne, Semaine sainte, Christ, Séville",22
7204,"Séville, Espagne",7
7205,"Séville, Espagne",7
7207,"Jeanne Meunier, Constantin Meunier",12
7233,"Liège, Val Saint Lambert",9
7241,Alexandre Charpentier,6
7246,Eugène Ysaÿe,11
7248,"La Libre Esthétique, Les XX, Octave Maus",16
7249,Paul Janson,5
7250,Sam Wiener,4
7251,"Mariemont, Valère Mabille",10
7252,Constantin Meunier,7
7259,"Eliézer, Mésopotamie, Ancien Testament, Genèse, Rebecca, Nachor",23
7260,"Jenneval, Constantijn Rodenbach, Alexandre Dechet, La Brabançonne, François Van Campenhout, Belgique",33
7261,Belgique,4
7262,"Adrien Willaert, Venise",9
7263,Belgique,4
7268,"Pays-Bas, Guerre de Quatre-vingt ans, Espagne, Siège d'Ostende, Ostende",31
7269,"Israël, Judée, Orientalisme",12
7277,Henri de Braekeleer,7
7278,"Philippe le Beau, Jeanne la Folle, Jeanne de Castille",15
7279,"Athéna, Homère, Iliade",11
7281,"Lectures prohibées, Anvers, Réforme, Inquisition",15
7282,"Espagne, Philippe II, Toison d'Or",13
7287,Antoine Wiertz,6
7288,"Pays-Bas, Zuiderzee",10
7292,"Pays-Bas, Drenthe",8
7295,"Abraham, Agar, Ancien Testament, Genèse, Ismaël",17
7296,"Philippe le Beau, Jeanne la Folle",10
7300,"Pays-Bas, Drenthe",8
7301,"Allemagne, Hanovre",9
7303,"Assen, Drenthe, Pays-bas",10
7304,"Pays-Bas, Drenthe, Westerbork",12
7307,"Pays-Bas, Drenthe",8
7309,"Hilversum, Pays-Bas",9
7310,Pays-Bas,5
7311,"Pays-Bas, Drenthe",8
7313,"Pays-Bas, Drenthe",8
7314,"Pays-Bas, Groningue",8
7315,"Pays-Bas, Drenthe",8
7316,"Pays-Bas, Drenthe",8
7322,"Pays-Bas, Drenthe",8
7346,"Mars, Vénus",7
7351,Pierre Puvis de Chavannes,8
7353,La Libre Esthétique,8
7354,Camille Pissarro,6
7356,Pierre Puvis de Chavannes,8
7357,Edmond de Goncourt,6
7360,"Séverine, Jules Vallès, Caroline Rémy",13
7361,Emile Zola,4
7362,"Société Nationale des Beaux-Arts, Paris",14
7363,Estampe Originale,7
7367,Grande Tuilerie d'Ivry,10
7371,"Victoire Maus, Charles Maus",10
7372,"La Libre Esthétique, Les XX, Octave Maus",16
7376,Alexandre Braun,4
7379,Antoine Wiertz,6
7389,"Utrecht, Haar",5
7392,Laaren,4
7393,"Pays-Bas, Gieten, Drenthe",12
7394,"Allemagne, Hanovre",9
7395,"Allemagne, Hanovre",9
7401,"Nouveau Testament, Adoration des bergers, Luc, Evangiles, Vierge, Jésus, Christ",23
7406,"Gelderland, Overijssel, Rhin, Waal, Pays-bas",18
7408,"Pays-Bas, Haarlem",8
7413,"Menton, France",6
7414,"Pays-Bas, Drenthe, Hoogeven",12
7416,"Eext, Pays-Bas, Drenthe",11
7417,"Italie, Tivoli",7
7418,"Sophie Fremiet, Sophie Rude",9
7419,"Sophie Fremiet, François Rude, Sophie Rude",13
7421,Paul Hymans,5
7423,"Jakob Smits, Malvina Dedeyn",11
7424,"Jakob Smits, Josine van Cauteren",12
7425,"Serres chaudes, Maurice Maeterlinck",12
7426,Hongrie,5
7428,Henri Hymans,5
7429,"États Unis d'Amérique, Brand Whitlock",15
7430,"États Unis d'Amérique, Brand Whitlock",15
7431,Auguste Moyaux,6
7432,"Auguste Beernaert, Belgique",10
7433,Ernest Acker,4
7434,Jean de Mot,5
7438,"Loire, Nantes, France",7
7464,"Salon d'Anvers, Carolus-Duran",12
7467,"Espagne, Pays-Bas, Alexandre Farnèse, Toison d'or",19
7470,Edgard Tytgat,7
7483,"Vierge de douleur, Vierge",10
7487,"Orphée, Vénus",8
7488,"Vierge, Jésus, Christ",10
7494,William Oakes,5
7496,"William Oakes, Anne McFarlane",8
7505,"Manette Salomon, Edmond de Goncourt et Jules de Goncourt, France, Paris",20
7510,"Espagne, Margarita Maria, Philip IV",10
7516,"Pays-Bas, Albrecht",8
7524,"Espagne, Toison d'Or, Charles II",13
7525,"Espagne, Charles II, Toison d'Or",13
7526,Eugène Frédéric,10
7536,"Vittoria della Rovere, Ferdinand II de' Medici",14
7554,"Frameries, Borinage, Agrappe",11
7556,"Londres, Angleterre, Tamise",10
7557,"Londres, Angleterre, Tamise",10
7568,"Thonet No 14, Crucifixion",11
7569,"Exposition internationale des Sports, La baigneuse, Ostende",17
7570,"Maurice Maeterlinck, Serres chaudes",12
7572,"Bethléem, Nouveau Testament, Evangiles, Hérode, Matthieu, Massacre des innocents",23
7582,"Philippe le Bon, Duc de Bourgogne, Toison d'Or",17
7586,Neptune,3
7587,"Zélande, Pays-Bas",9
7598,Asie,4
7608,Joseph Wieniawski,7
7611,Eugène Brunet,8
7613,"Bruxelles, Bourse, Ixelles",10
7628,"Orientalisme, Sion",7
7633,Sacré,5
7639,Alfred de Knyff,7
7645,Le Havre,5
7658,"Agar, Ancien Testament, Genèse",11
7662,Italie,4
7672,"Dorset, Merley House, John Willet",11
7674,"Jean-Paul Marat, Joséphine de Beauharnais, Marie-Antoinette d'Autriche, Marie-Anne Charlotte Corday, France, Madame Récamier, Maximilien de Robespierre, Napoléon Bonaparte, Jacques-Louis David, Empire, Louis XVI, Directoire",70
7675,"Jules Grévi, François de Beauharnais, Victor Hugo, France, Comte de Mirabeau, Philippe d'Orléans, Camille Desmoulins, Louis Pasteur",42
7691,Henri Asselbergs,6
7742,Gendebien,5
7777,"Désiré-Joseph Mercier, Malines",12
7803,"Baudouin VII de Flandre, Baudouin à la Hache",17
7808,"Anvers, Carme",7
7817,Auguste Baron,5
7821,Campine,4
7823,Mademoiselle Bénard,7
7825,Emile-René Ménard,8
7832,"Venise, Junon, Corne d'abondance",15
7833,Madame Rawlinson,5
7835,Luca Signorelli,7
7836,Paul Hagelstein,6
7837,"Nouveau Testament, Saintes femmes au tombeau, Evangiles, Marc, Vierge",20
7839,Anvers,4
7871,"Jésus, Nouveau Testament, Passion, Evangiles, Vierge, Christ, Calvaire",22
7878,"Jésus, Christ",7
7887,Dieu,4
7888,La Haye,5
7889,Brésil,5
7890,"Leiden, Leiderdorp, Pays-Bas",13
7893,Pays-Bas,5
7907,Haarlem,4
7908,Rome,3
7910,"Rome, Via Appia, Michel-Ange, Egérie",15
7913,"Rome, Marcellus",6
7922,Rome,3
7923,"Livre de Samuel I, Israël, Samuel, Ancien Testament, Saül",21
7925,"Nouveau Testament, Jésus et les Docteurs, Luc, Evangiles, Jésus, Christ",24
7938,La Haye,5
7939,La Haye,5
7940,"Palais du Noordeinde, Pays-Bas, La Haye",16
7941,Dieren,4
7943,"Damrak, Waag, Amsterdam",9
7945,"Damrak, Oude Kerk, Amsterdam",11
7946,Pays-Bas,5
7947,Rome,3
7950,"Saint-Vaast-La-Hougue, La Hougue, Normandie",18
7958,"Seine, Paris",5
7961,"Prométhée, Ethon, Métamorphoses, Ovide",18
7968,Auguste Danse,6
7969,Sacré,5
7970,Emile Sacré,6
7979,"Dave, Meuse",6
7981,Sambre,4
7985,Meuse,4
7996,"Emile Vauthier, Isabelle Thienpont",10
8002,Buinham,5
8005,Putte,4
8017,"Pont-Neuf, Cathédral Saint-Bavon, Gand",17
8019,Bruges,4
8021,J. Sieburgh,6
8022,"Madame Sieburgh, J. Sieburgh",10
8023,Bruxelles,4
8044,"Nouveau Testament, Le fils prodigue, Luc",11
8051,Rome,3
8057,Armand Turlot,6
8058,Monsieur Wynand-Janssens,9
8078,Isabelle Claire Eugénie,8
8079,Isabelle Claire Eugénie,8
8080,"Vierge, Jésus, Christ",10
8081,"Rome, Italie, Vatican, Belvédère, Diogène",19
8084,"Philippe le Bon, Toison d'Or",11
8085,"Marie de Bourgogne, Charles le Téméraire",14
8086,Rhenen,5
8089,"Rhenen, Pays-Bas",9
8090,"Rhenen, Pays-Bas, Rhin",12
8095,"Rhenen, Pays-Bas",9
8096,"Rhenen, Pays-Bas",9
8099,"Vierge à l'Enfant, Fuite en Egypte, Jésus, Nouveau Testament, Evangiles, Vierge, Jupiter, Christ, Matthieu",35
8103,"Londres, William Chambers, Somerset-house",11
8106,Sibylle,5
8107,"Vierge à l'Enfant, Fuite en Egypte, Jésus, Nouveau Testament, Evangiles, Vierge, Christ, Matthieu",33
8110,"Lambert van der Horst, Catharina de Pottere",12
8111,"Claude-Philippe Leclercq du Tremblay, Mondaye",15
8112,"Esaü, Isaac, Ancien Testament, Genèse",14
8129,"Scheveningen, Pays-Bas",9
8130,"Scheveningen, Pays-Bas",9
8131,"Scheveningen, Pays-Bas",9
8133,"Scheveningen, Pays-Bas",9
8134,Louis XIV,4
8136,Edith van Leckwyck,8
8140,"Scheveningen, Edith Van Leckwyck, Pays-Bas",16
8141,Asie,4
8144,"Pays-Bas, Maastricht, Alexandre Farnèse",14
8146,"Martin Van Rossem, Anvers",9
8183,Edmond Picard,4
8214,"Société théosophique, Helena Blavatsky",15
8230,"Bethléem, Nouveau Testament, Evangiles, Vierge, Luc",16
8233,"Epiphanie, Fête des rois",11
8238,"Constance Sieburgh, Nicolas Charles Sieburgh, Cornelis Johannes Sieburgh, Constance de Clercq",22
8239,"Hernani, Constance Sieburgh, Nicolas Charles Sieburgh, Victor Hugo, Cornelis Johannes Sieburgh, Constance de Clercq",28
8256,"Zélande, Pays-Bas",9
8258,"Pâris, Troie",8
8259,"Suzanne, Daniel, Ancien Testament, Livre des Prophètes",17
8262,Tournai,4
8263,"Venise, San Giorgio dei Greci",10
8269,"Nouveau Testament, Passion, Evangiles, Dérision du Christ, Jésus, Christ",21
8271,"Léonard de Vinci, Mona Lisa",10
8273,Venise,4
8274,Bacchus,4
8283,Yperdamme,6
8287,"Sint-Elisabeth Bloemenkamp, Bois-le-Duc",16
8289,"Descente de Croix, Espagne, Karl Meunier, Séville, Pedro Campaña, Constantin Meunier",27
8290,"Espagne, Séville, Noël",11
8291,"Séville, Espagne",7
8292,"Séville, Espagne",7
8293,"Séville, Espagne",7
8294,"Espagne, Séville",7
8295,"Espagne, Séville",7
8296,"Espagne, Séville",7
8297,"Séville, Espagne",7
8298,"Séville, Espagne, Tsigane",11
8299,"Espagne, Séville",7
8300,"Séville, Espagne",7
8301,"Séville, Espagne",7
8302,"Séville, Espagne",7
8303,"Séville, Espagne",7
8304,"Séville, Espagne, Rue San Estaban",12
8305,"Séville, Espagne",7
8307,"Séville, Espagne",7
8309,"Séville, Espagne",7
8310,"Séville, Espagne",7
8311,"Séville, Espagne",7
8313,"Séville, Espagne",7
8314,"Séville, Espagne",7
8316,"Séville, Espagne",7
8317,"Séville, Espagne",7
8318,"Séville, Espagne",7
8319,"Espagne, Séville",7
8320,"Séville, Espagne",7
8321,"Séville, Espagne",7
8322,"Séville, Espagne",7
8323,"Séville, Espagne, Triana, Flamenco",12
8324,"Séville, Espagne",7
8325,"Séville, Espagne",7
8326,"Séville, Espagne",7
8327,"Séville, Espagne",7
8328,"Séville, Espagne",7
8329,"Séville, Espagne",7
8330,"Séville, Espagne",7
8332,"Séville, Espagne, Flamenco",9
8335,"Séville, Espagne",7
8336,"Séville, Espagne",7
8337,"Séville, Espagne",7
8338,"Séville, Espagne",7
8340,"Séville, Espagne",7
8341,"Séville, Espagne",7
8342,"Séville, Espagne",7
8343,"Séville, Espagne, Constantin Meunier, Semaine sainte, Pâques, Karl Meunier",27
8344,"Séville, Espagne",7
8345,"Séville, Espagne",7
8346,"Séville, Espagne",7
8347,"Séville, Espagne",7
8348,"Séville, Espagne",7
8349,"Séville, Espagne",7
8350,"Séville, Espagne",7
8351,"Séville, Espagne, Flamenco",9
8352,"Espagne, Séville, Flamenco, Café del Burrero",14
8353,"Espagne, Café del Burrero, Flamenco",11
8360,"Sint-Pietersberg, Pays-Pas, Maastricht",16
8363,"Adriana Perez, Contre-Réforme, Nicolas Rockox, Anvers",17
8375,Anvers,4
8376,Anvers,4
8383,Lesse,4
8390,"Ancien Testament, Tobie, Livre de Tobie",14
8391,"Cupidon, Vulcain, Vénus, Jupiter",14
8394,"Descente de Croix, Jésus, Nouveau Testament, Passion, Evangiles, Vierge, Christ",23
8395,"Spaarne, Haarlem",8
8396,"Hollande, Pays-Bas",7
8397,Ostende,5
8404,Reims,4
8437,Aar,3
8438,Suisse,3
8443,"Joséphine de Beauharnais, France, Marie-Josèphe-Rose de Tascher de La Pagerie, Napoléon Bonaparte",34
8444,"George Sand, Monarchie orléanaise, France",13
8445,"Afrique, Henri d'Orléans, France",13
8446,"Révolution française de 1848, Louis Eugène Cavaignac, France",22
8447,France,3
8449,Gustave Flaubert,6
8450,Théophile Gautier,7
8451,"Napoléon III, Napoléon Eugène Louis Jean Joseph Bonaparte, France, Eugénie de Montijo, Second Empire",34
8452,"Adolphe Niel, France, Second Empire",10
8453,"Antoine-Louis Barye, Théodore Rousseau, Eugène Isabey, Joseph Nicolas Robert-Fleury, Gustave Courbet, Eugène Fromentin, Jean-Baptiste-Camille Corot, Jean-François Millet, France, Constant Troyon, Second Empire, Charles-François Daubigny",72
8455,Félix Dupanloup,8
8456,Henri Rochefort,6
8457,Jules Grévy,6
8458,Louis Pasteur,5
8459,Léon Gambetta,6
8460,Jan Verhas,5
8485,"Place du Peuple, Rome, Pincio, Italie, Trinité-des-Monts",24
8492,"Hollande, Pays-Bas",7
8497,"Hollande, Pays-Bas",7
8498,"Hollande, Pays-Bas",7
8499,"Héliogabal, Julia Maesa, Rome, Julia Mamaea, Julia Soaemias, Antiquité",28
8504,"Hollande, Pays-Bas",7
8507,"Jésus, Evangiles, Vierge, Nativité, Christ, Nouveau testament",20
8508,Neptune,3
8509,"Bacchanale, Bacchus",8
8511,"Pays-Bas, Guerre de Quatre-vingt ans, Espagne, Albert, Siège d'Ostende, Ambroise Spinola, Ostende",38
8521,"Wachtendonk, Pays-Bas, Guerre de Quatre-vingt ans, Espagne, Albert, Ambroise Spinola",31
8532,Postel,4
8535,"Charles van der Stappen, Léon Cladel, Ompdrailles, le tombeau des lutteurs",25
8538,Campine,4
8539,"Jakob Smits, Kobe",7
8558,"Assomption, Les apocryphes, Jacques de Voragine, Vierge, Légende dorée",26
8563,"Katwijck, Pays-Bas",10
8566,Walkyries,5
8572,"Descente de Croix, Jésus, Golgotha, Nouveau Testament, Passion, Evangiles, Vierge, Christ, Déploration, Calvaire, Jérusalem",40
8573,"Descente de Croix, Jésus, Golgotha, Nouveau Testament, Passion, Evangiles, Vierge, Christ, Déploration, Calvaire, Mise au tombeau, Jérusalem",45
8574,"Jésus, Vierge, Christ, Evangéliste, Agneau Mystique",21
8583,Anvers,4
8591,Emile Zola,4
8592,Emile Zola,4
8605,Pierre Van Gobbelschroy,9
8611,Charles van der Stappen,7
8623,"Grèce, Perse, Crésus, Lydie, Solon, Cyrus",20
8654,"Silène, Bucoliques, Bacchanale, Chromis, Virgile, Mnasyle, Eglé",29
8655,"Goor, Pays-Bas",8
8656,"Goor, Pays-Bas",8
8657,"Hector, Priam, Homère, Iliade, Troie, Achille",18
8658,Anvers,4
8659,"Vierge à l'Enfant, Jésus, Vierge, Christ",18
8666,France,3
8670,Sabine de Carolath-Beuthen,9
8672,Lechat-Wittouck,8
8683,Edouard de Latour,7
8685,"Bretagne, Morbihan, France",10
8690,Venise,4
8691,"Provence, Martigues",6
8694,"Henri Le Fauconnier, Maroussia Barannikoff",14
8697,"Cupidon, Vénus, Amour",11
8703,"Mer du Nord, Belgique",8
8714,Anvers,4
8715,"Croatie, Joseph Strossmayer, Diakovar",14
8717,"Allemagne, Ignaz von Döllinger",13
8720,Afrique,4
8729,"Anvers, Jacob van Liesvelt",10
8730,"Pays-Bas, Grand Place, Anvers, Cornelis van Spangen, Maarten van Rossum, Lancelot van Ursele",31
8731,"Marguerite de Parme, Anvers, Pays-bas",15
8732,"Anvers, Charles Quint",8
8736,Escaut,4
8744,"Adoration des bergers, Jésus, Nouveau Testament, Evangiles, Vierge, Christ, Luc",23
8746,"Namur, Floreffe",8
8801,"Musée Carnavalet, Paris",9
8922,Bulgarie,4
9333,Ostende,5
9351,"Eurythion, Montée au Calvaire, Apocryphes, Jésus, Nouveau Testament, Passion, Hercule, Antée, Lapithes, Evangiles, Ecce Homo, Ovide, Christ, Hippodamie, Douze travaux d'Hercule, Metamorphoses",66
9825,Paris,3
9826,Paris,3
9914,"Jésus, Vierge",8
9938,"Marie d'Autriche, Charles Quint",12
9962,Hypnos,4
9996,"Hercule, Achéloos, Métamorphoses, Groupe de figures",18
10002,Paul Verlaine,5
10016,"Jésus, Nouveau Testament, Passion, Evangiles, Dérision du Christ, Christ",21
10094,Marguerite de Parme,8
10117,Henry Van de Velde,7
10140,Carel de Moor,6
10154,Hélène de Burlet,10
10155,Saint-Tropez,6
10163,"Jacques de Voragine, La présentation de la Vierge au temple, Vierge, La naissance de la Vierge, Zacharie, Légende dorée",38
10165,"Jésus, Porte dorée, Jacques de Voragine, Christ, Mont Carmel, Carmel, Légende Dorée",28
10166,Louvain,4
10168,Sinaï,6
10189,Élysée Reclus,9
10190,Jules Bara,4
10195,Camille Lemonnier,5
10196,Emile Verhaeren,6
10197,Paul Janson,5
10198,Hector Denis,4
10205,"Nouveau Testament, Evangiles, Pietà, Vierge, Jésus, Christ",20
10210,"Camille Lemonnier, Le Mort",8
10213,"Cockerill, Ougrée",9
10217,"Camille Lemonnier, Le Mort",8
10218,"Camille Lemonnier, Le Mort",8
10219,"Camille Lemonnier, Le Mort, La Tonia",12
10220,"Camille Lemonnier, Le Mort",8
10221,"Camille Lemonnier, Le Mort",8
10223,Dieghem,5
10225,Mariakerke,5
10241,"Vénus, Énée",9
10255,Eugène Ysaÿe,11
10263,"Jésus, Nouveau Testament, Passion, Evangiles, Vierge, Christ, Mise au tombeau",23
10265,"Jésus, Nouveau Testament, Passion, Evangiles, Christ, Calvaire, Crucifixion, Barabbas, Jérusalem",31
10297,"Ancien Testament, Livre des Rois II, Orientalisme, Jean Racine, Athalie",23
10310,"Nouveau Testament, Le mauvais riche, Lazare, Luc, Evangiles, Jésus, Christ",24
10311,"Jésus, Vierge, Sainte Famille, Christ",15
10328,Sinaï,6
10329,"Philae, Trajan",7
10330,"Ancien Testament, Sulamite, Salomo, Cantique des Cantiques",18
10331,Alexandrie,4
10332,Marathon,3
10335,Jérusalem,6
10339,Constantinople,5
10340,Boulaq,4
10341,Egypte,4
10344,Odalisque,6
10350,Constantinople,5
10353,"Kostverlorenkade, Amsterdam",9
10357,Guillaume de Troch,6
10359,"Kostverlorenkade, Amsterdam",9
10360,"Rik Wouters, Ernest Wijnants",11
10374,"Boitsfort, Bruxelles",8
10385,"Bruxelles, Boitsfort",8
10388,"Stans, Hortence Delsaert, Rik Wouters, Nel Wouters",20
10405,"Dauphiné, France",8
10408,"Rik Wouters, Nel Wouters",11
10412,"Cologne, Rhin",6
10419,Rik Wouters,6
10452,"Anvers, Escaut",7
10453,La Panne,5
10458,"Bruxelles, Boitsfort",8
10461,Rik Wouters,6
10487,"Séville, Espagne",7
10493,Vierge,4
10496,Spa,3
10513,Pays-Bas,5
10514,Pays-Bas,5
10535,Charles Picqué,6
10538,Charles Picqué,6
10561,"Mary Manson, James Manson",7
10632,"Rome, Tiberius Sempronius Gracchus, Cornelia Africana, Caius Sempronius Gracchus",27
10746,Henri Evenepoel,7
10747,"Nouveau Testament, Jésus, Jésus bénissant les enfants, Evangiles, Christ",23
10758,"Portrait, Edmond Picard",6
10760,Anvers,4
10767,Jupiter,3
10778,"Belgique, Pays-Bas, Willem I",11
10779,"Belgique, Pays-Bas, Willem I",11
10780,"Belgique, Pays-Bas, Willem I",11
10782,"Belgique, Pays-Bas, Willem I",11
10783,"Jacques de Voragine, Jésus, Légende dorée, Christ",19
10785,"Belgique, Pays-Bas, Willem I",11
10800,"Waterloo, France, Napoléon Bonaparte",12
10804,"Jacques de Voragine, Alexandrie, Maxence, Légende dorée",19
10805,"Jésus, Evangiles, Vierge, Nativité, Christ, Nouveau testament",20
10807,"Jésus, Vierge, Christ",10
10810,Spa,3
10811,Spa,3
10812,"Escaut, Tamise",7
10814,"Assomption, Couronnement de la Vierge, Jésus, Jacques de Voragine, Vierge, Christ, Légende dorée",35
10821,"Escaut, Tamise",7
10822,Henri Hymans,5
10832,"Hernen, Pays-Bas",8
10837,Félicien Rops,8
10839,Dieu,4
10840,"Nouveau Testament, Actes des Apôtres, Dieu",14
10841,"Ancien Testament, Mara, Moïse, Exode",14
10844,"Cène, Evangiles, Lavement des pieds, Jean, Jésus, Christ",22
10845,"Tertullien, Rome, Domitien, De praescriptione haereticorum",22
10846,"Esdras, Jerusalem, Zion",9
10849,"Jésus, Vierge, Christ, Trinité, Saint-Esprit, Dieu le Père",25
10850,Arnold de Reyger,6
10851,Colard,4
10852,"Hector, Homère, Iliade, Troie",12
10853,"Jacques de Voragine, Légende dorée",13
10858,"Tanger, Tétouan",8
10859,"Christ, Jésus",7
10862,"Jésus, Nouveau Testament, Passion, Vierge, Christ",15
10870,"Ancien Testament, Genèse, Pharaon",12
10874,"Ancien Testament, Hébreux, Nombres, Dieu, Exode",19
10876,Dieu,4
10879,"Nouveau Testament, Evangiles, Pietà, Vierge, Jésus, Christ",20
10886,"Vierge à l'Enfant, Vierge, Jésus, Christ",18
10895,"Sablon, Palais des ducs de Brabant, Remigio Cantagallina, Saint-Gilles, Bruxelles, Wollendries",31
10897,"Vierge à l'Enfant, Vierge, Jésus, Christ",18
10901,"Vierge à l'Enfant, Vierge, Jésus, Christ",18
10904,Emile Verhaeren,6
10910,"Mer du Nord, Quai des pêcheurs, Ostende",17
10918,"Mer du Nord, Ostende",9
10923,"Allemagne, François I",9
10926,"Suisse, Vatican",5
11198,"Hélène, Pâris, Homère, Iliade",17
11205,Belgique,4
11223,"Hélène, Clytemnestre, Pollux, Zeus, Léda, Castor",23
11226,"Ovide, Métamorphoses, Callisto, Diane",16
11228,"Zeus, Métamorphoses, Europe, Ovide",14
11231,"Exode, Egypte, Ancien Testament",11
11251,Hoorn,4
11252,Namur,4
11521,"Andromède, Persée, Céto",12
11525,"Nicolas-Henri Tardieu, Marie-Anne Hortemels",15
11533,"Rik Wouters, Nel Wouters, Amsterdam",13
11638,Périclès Pantazis,9
