proper_nouns,recordID
Aar,[8437]
Ab Urbe Condita,[1369]
Abigaïl,[5299]
Abraham,"[6622, 7295]"
Abraham Bloemaert,[5354]
Abraham Bosse,[2225]
Abraham Ortelius,[5642]
Achate,[2518]
Acheloos,[357]
Achille,"[1470, 8657]"
Achéloos,[9996]
Achéron,[1254]
Actes des Apôtres,"[6621, 10840]"
Actéon,[1797]
Adam,"[280, 1296, 1996, 2080, 2575, 7060]"
Adam van Noort,[364]
Adam van Riebeke,[4862]
Adela Guerrero,[1273]
Adolphe Niel,[8452]
Adolphe Thiers,[7649]
Adonis,[5668]
Adoration des Mages,"[215, 634, 1401, 1695, 1731, 1932, 2189, 2398, 3821, 6223]"
Adoration des bergers,"[1606, 1811, 7401, 8744]"
Adoration des mages,[1409]
Adriana Borluut,[2097]
Adriana Perez,[8363]
Adrien Joseph Heymans,[6277]
Adrien Taye,[3200]
Adrien Willaert,[7262]
Adrien de Vries,[384]
Adèle Fétis,[1223]
Aeneis,[1717]
Afrique,"[137, 717, 1465, 1848, 1849, 1854, 4672, 6163, 6164, 6165, 6166, 6167, 6168, 6460, 6462, 6463, 6464, 8445, 8720]"
Agar,"[4663, 5426, 7295, 7658]"
Agatha Bas,[380]
Agneau Mystique,[8574]
Agneau mystique,"[5162, 6966]"
Agrappe,"[7160, 7554]"
Albert,"[666, 3232, 5585, 5587, 5749, 5752, 5883, 8511, 8521]"
Albert I,"[2959, 2960]"
Albert Mockel,[5113]
Albrecht,[7516]
Aletta van Hontum,[4977]
Alex Marcette,[797]
Alexandre Braun,[7376]
Alexandre Charpentier,[7241]
Alexandre Dechet,[7260]
Alexandre Dumas,"[7648, 7649, 7653]"
Alexandre Farnèse,"[7467, 8144]"
Alexandre Hippolyte,[6608]
Alexandre della Faille,[2285]
Alexandre-Joseph Montagney,[3388]
Alexandrie,"[2587, 10331, 10804]"
Alfred Cluysenaar,"[1150, 1155]"
Alfred Stevens,"[1278, 4325]"
Alfred Verwée,"[3517, 7689]"
Alfred de Knyff,[7639]
Algérie,"[717, 1848, 1849, 1854, 6163]"
Alice Bron,[992]
Alice Sèthe,[3287]
Alijns,[3937]
Allemagne,"[4101, 4105, 4106, 5627, 6440, 6591, 7301, 7394, 7395, 8717, 10923]"
Alost,[6737]
Alpes,"[6637, 6877, 6972]"
Alphonse Daudet,[7648]
Alphonse Legros,[3082]
Alphée,[230]
Alvise IV Mocenigo,[506]
Amblève,[4959]
Ambroise Spinola,"[8511, 8521]"
Amos,[382]
Amour,"[237, 264, 1405, 1564, 2971, 3162, 3183, 5005, 5753, 5944, 6221, 6272, 6311, 6353, 8697]"
Amphitrite,[1388]
Amsterdam,"[380, 402, 1050, 1569, 2315, 3881, 7114, 7943, 7945, 10353, 10359, 11533]"
Amélie Gallait,[2088]
Anchise,[114]
Ancien Testament,"[243, 280, 285, 382, 430, 1246, 1296, 1688, 1855, 1985, 2432, 2515, 2575, 2836, 4079, 4663, 4988, 5036, 5299, 5402, 5407, 5426, 5495, 5652, 5673, 6387, 6487, 6511, 6621, 6622, 6789, 7259, 7295, 7658, 7923, 8112, 8259, 8390, 10297, 10330, 10841, 10870, 10874, 11231]"
Ancien testament,[3958]
Anderlecht,"[2204, 6461, 6466, 6469, 6477, 6511]"
Andries Willemsz. van Sonnevelt,[4624]
Andries Willemsz. van Sonnevelt van Oudshoorn,[4621]
Andrinople,[1058]
Andromède,[11521]
Andronic,[2211]
André Cluysenaar,"[1150, 1155]"
André Lens,"[2788, 2853]"
André Vésale,[2826]
Anglais,[5260]
Angleterre,"[129, 402, 1100, 1101, 1104, 1106, 1107, 1109, 1110, 1111, 1113, 1115, 1116, 1117, 1118, 1119, 1120, 1121, 1122, 1123, 1125, 1126, 1130, 3083, 3087, 3180, 3232, 4095, 4534, 5553, 7556, 7557]"
Angélique d'Hannetaire,"[2832, 2833]"
Anna Boch,"[156, 3339, 4653]"
Anna Fredericx,[5598]
Anna Pavlovna,[3643]
Anne,"[427, 1202]"
Anne Discry-Legros,[4372]
Anne McFarlane,[7496]
Anne-Marie Denis,[1573]
Annez de Taboada,[1850]
Annonciation,"[189, 246]"
Ansegisèle,[5614]
Anseremme,[765]
Antioche,[2008]
Antiquité,"[126, 385, 1219, 1369, 1387, 2997, 5454, 5498, 5904, 6131, 6188, 6269, 8499]"
Antoine Perrenot de Granvelle,[2003]
Antoine Reinhard Falck,[3254]
Antoine Wiertz,"[1941, 6689, 7287, 7379]"
Antoine de Bourgogne,"[193, 6631]"
Antoine-Félix Bouré,[7689]
Antoine-Louis Barye,[8453]
Antonius Anselmus,[308]
Antoon Van Dyck,[5366]
Antoon van Dyck,[5639]
Antée,"[6141, 9351]"
Anvers,"[791, 792, 794, 795, 796, 798, 799, 800, 801, 803, 805, 806, 815, 819, 835, 836, 846, 858, 864, 1136, 1524, 1577, 1596, 2285, 2437, 2441, 2883, 3506, 3574, 4664, 4990, 5597, 5878, 5880, 5882, 6187, 6295, 6430, 6432, 6442, 6443, 6445, 6446, 6448, 6453, 6587, 6590, 7281, 7808, 7839, 8146, 8363, 8375, 8376, 8583, 8658, 8714, 8729, 8730, 8731, 8732, 10452, 10760]"
Apocalypse,"[292, 1996, 5294, 5494, 5500, 6411]"
Apocryphes,"[350, 9351]"
Apollon,"[141, 355, 471, 1333, 1474, 2091, 5508, 6269, 6938, 7059, 7108]"
Apollon ?,[7109]
Apparition du Christ,"[338, 2471]"
Apparition à Madeleine,[2471]
Apparition à Thomas,[4851]
Appian,[471]
Apulée,"[180, 5208]"
Archiduc d'Autriche,"[5749, 5752, 5883]"
Ardennes,"[686, 1947, 5021]"
Argenteau,[6535]
Argus,[5498]
Ariane,"[105, 6343]"
Armand Turlot,[8057]
Arnold de Reyger,[10850]
Art libre,[7689]
Art universel,[7689]
Arthur Bucheron,[2017]
Artot,[3388]
Ascension,"[1347, 1426]"
Asie,"[7598, 8141]"
Asquitch,[1159]
Assen,[7303]
Assomption,"[1354, 5496, 6124, 6178, 8558, 10814]"
Atalante,[5579]
Athalie,"[5402, 10297]"
Athanase,[4606]
Athènes,"[881, 1386, 5904]"
Athéna,"[4451, 6269, 7279]"
Atilius Regulus,[882]
Auderghem,[1460]
Auguste,"[126, 3230, 3470, 6243]"
Auguste Baron,[7817]
Auguste Beernaert,[7432]
Auguste Danse,[7968]
Auguste Lambermont,[4518]
Auguste Moyaux,[7431]
Auguste Oleffe,[6315]
Auguste Reyers,[2734]
Auguste Thomas,[3888]
Augustin Coppens,[6228]
Aurèle Augustin Coppens,[6586]
Austruweel,"[760, 854]"
Autriche,"[5627, 5723, 6207]"
Ave Maria,"[6083, 6139]"
Bacchanale,"[8509, 8654]"
Bacchus,"[105, 324, 5393, 5819, 6343, 6405, 8274, 8509]"
Bachem,"[4100, 4103]"
Bachi-Bouzouk,[1058]
Bal du rat mort,[5121]
Balat,[5371]
Baléares,"[1444, 1445]"
Barabbas,[10265]
Barbara le Maire,[4812]
Barbara van Vlaenderberch,[206]
Barbizon,[1238]
Barthélemy Alatruye,[3665]
Barthélémy du Mortier,[2070]
Baudouin VII de Flandre,[7803]
Baudouin à la Hache,[7803]
Beez,[1646]
Begga de Landen,[5614]
Belgique,"[132, 666, 791, 792, 794, 795, 796, 798, 799, 800, 801, 803, 805, 806, 811, 815, 1204, 2036, 2038, 2064, 2068, 2109, 2110, 2332, 2959, 2960, 3208, 3227, 3275, 3332, 3364, 3371, 3413, 3441, 4345, 4346, 4532, 4533, 4665, 5371, 5399, 6336, 6369, 6442, 6443, 6445, 6446, 6448, 6644, 6687, 7260, 7261, 7263, 7432, 8703, 10778, 10779, 10780, 10782, 10785, 11205]"
Belgique II,"[4016, 4017]"
Belvédère,"[1551, 8081]"
Berck,[527]
Bernadette Denis,[1573]
Bernard de Clervaux,[4818]
Berthe Art,[802]
Bethléem,"[1729, 1733, 4659, 7572, 8230]"
Bible,"[382, 841]"
Bibliothèque Nationale,[3301]
Bibliothèque Royale,[3301]
Blankenberghe,[6136]
Bois-le-Duc,"[6433, 6605, 8287]"
Boitsfort,"[4016, 4017, 4319, 6529, 10374, 10385, 10458]"
Borinage,"[3573, 7160, 7166, 7174, 7187, 7554]"
Bormes-les-Mimosas,[2605]
Borée,[5657]
Boulaq,[10340]
Bourse,[7613]
Brabant,"[1448, 5574, 6341]"
Brabo,[2883]
Brand Whitlock,"[7429, 7430]"
Bretagne,"[164, 165, 186, 5260, 8685]"
Brialmont,[3178]
Brighton,[129]
Bruge,[1247]
Bruges,"[172, 205, 206, 2728, 4812, 5226, 5227, 6704, 8019]"
Brutus,[385]
Bruxelles,"[132, 241, 384, 671, 764, 811, 1095, 1096, 1199, 1294, 1332, 1336, 1458, 1460, 1462, 1579, 1935, 1949, 2030, 2057, 2096, 2097, 2204, 2260, 2310, 2734, 3001, 3075, 3200, 3238, 3439, 4016, 4017, 4319, 4520, 4539, 4572, 4648, 4651, 4665, 4828, 5009, 5371, 5385, 5386, 5749, 5751, 5752, 5825, 5883, 6121, 6329, 6380, 6427, 6461, 6466, 6469, 6477, 6480, 6481, 6482, 6485, 6486, 6489, 6492, 6493, 6494, 6495, 6496, 6497, 6498, 6499, 6503, 6504, 6505, 6507, 6510, 6511, 6512, 6513, 6514, 6517, 6518, 6521, 6522, 6524, 6525, 6526, 6529, 6571, 6573, 6586, 6608, 6609, 6645, 6706, 6707, 6708, 6709, 6710, 6711, 6713, 6714, 6715, 7181, 7613, 8023, 10374, 10385, 10458, 10895]"
Brésil,[7889]
Bucheron,[2088]
Bucheron Gallait,[2021]
Bucoliques,[8654]
Buinham,[8002]
Bulgarie,[8922]
Byzance,[2211]
Caducée,[5705]
Café del Burrero,"[7148, 8352, 8353]"
Caius Jule César,[3470]
Caius Sempronius Gracchus,[10632]
Calais,"[3083, 3087]"
Callisto,[11226]
Callo,[5878]
Calvaire,"[64, 211, 1481, 1931, 2286, 4417, 4814, 4819, 6418, 7871, 8572, 8573, 10265]"
Calydon,[5579]
Camille Desmoulins,[7675]
Camille Lemonnier,"[6274, 10195, 10210, 10217, 10218, 10219, 10220, 10221]"
Camille Pissarro,[7354]
Camille Saint-Saëns,"[7648, 7649]"
Camille Van Camp,[7689]
Camille van Camp,[1010]
Campine,"[1240, 1292, 2363, 4976, 7821, 8538]"
Campo Vaccino,[5888]
Canaletto,[506]
Cantique des Cantiques,[10330]
Capitole,[509]
Carel de Moor,[10140]
Carlo Maratta,[5017]
Carme,[7808]
Carmel,[10165]
Caroline Rémy,[7360]
Carolus-Duran,[7464]
Carthage,"[882, 1933]"
Carême,[302]
Castor,[11223]
Catharina de Pottere,[8110]
Catholicisme,[5008]
Cathédral Saint-Bavon,[8017]
Cathédrale Notre-Dame,[791]
Cathédrale Saint-Michel et Gudule,[6522]
Celles,[3359]
Cerbère,[1254]
Champ de Mars,[204]
Champs Elysées,[7653]
Charles Baudelaire,[7649]
Charles Baugniet,[2092]
Charles Cottet,[701]
Charles Degroux,[7689]
Charles Garnier,[7649]
Charles I,[4534]
Charles II,"[1798, 7524, 7525]"
Charles Liedts,[3240]
Charles Léon Cardon,"[3004, 3014]"
Charles Malaise,[2899]
Charles Maus,"[4679, 7371]"
Charles Picqué,"[10535, 10538]"
Charles Quint,"[2003, 2199, 4550, 4850, 6385, 6425, 6476, 6478, 6479, 6483, 6490, 6627, 6628, 8732, 9938]"
Charles Thiéfry,[3326]
Charles V,[5986]
Charles X,[7653]
Charles d'Hoy,[4347]
Charles de Brecht,[3200]
Charles de Brouckère,"[1949, 3238]"
Charles de Bréauté,[6605]
Charles de Gavre,[5405]
Charles de Groux,[3951]
Charles le Téméraire,"[2215, 5312, 8085]"
Charles van der Stappen,"[8535, 8611]"
Charles-Alexandre de Lorraine,"[1108, 6962]"
Charles-Armand de Gontaut,[5898]
Charles-François Daubigny,[8453]
Charles-Joseph,"[2923, 3608]"
Charles-Louis-Napoléon-Bonaparte,[7649]
Charlotte,[3296]
Charlotte Meunier,[3836]
Charon,[1717]
Chaudfontaine,[953]
Chaumont-Gistoux,[6439]
Chazal,[413]
Chine,"[442, 1251]"
Christ,"[64, 144, 154, 165, 191, 211, 215, 216, 219, 230, 234, 246, 247, 272, 300, 338, 350, 427, 634, 1197, 1202, 1205, 1207, 1208, 1209, 1210, 1212, 1214, 1232, 1234, 1298, 1327, 1329, 1357, 1401, 1409, 1416, 1419, 1420, 1424, 1426, 1472, 1473, 1477, 1481, 1495, 1573, 1595, 1606, 1610, 1695, 1731, 1811, 1860, 1931, 1932, 1934, 2005, 2097, 2189, 2212, 2213, 2286, 2398, 2471, 2574, 2577, 2635, 3460, 3498, 3562, 3662, 3663, 3664, 3667, 3668, 3670, 3673, 3674, 3675, 3686, 3688, 3695, 3821, 4417, 4479, 4487, 4548, 4725, 4726, 4728, 4813, 4814, 4819, 4827, 4847, 4848, 4849, 4851, 4853, 4854, 4875, 4913, 5006, 5008, 5027, 5033, 5162, 5288, 5495, 5497, 5499, 5500, 5555, 5581, 5604, 5605, 5613, 5683, 5707, 5708, 5732, 5754, 5761, 5771, 5782, 5943, 5983, 6079, 6080, 6189, 6223, 6261, 6268, 6299, 6332, 6371, 6417, 6418, 6620, 6633, 6966, 7203, 7401, 7488, 7871, 7878, 7925, 8080, 8099, 8107, 8269, 8394, 8507, 8572, 8573, 8574, 8659, 8744, 9351, 10016, 10165, 10205, 10263, 10265, 10310, 10311, 10747, 10783, 10805, 10807, 10814, 10844, 10849, 10859, 10862, 10879, 10886, 10897, 10901]"
Christ bénissant,[1472]
Christ en croix,[1419]
Christian Wilhel Ernst Dietrich,[2232]
Christoph-Martin Wieland,[2890]
Chromis,[8654]
Château Saint-Ange,"[1897, 5266]"
Citadelle d'Anvers,"[791, 792, 794, 795, 796, 798, 799, 6442, 6443, 6445, 6446, 6448]"
Claude Renoir,[3077]
Claude-Philippe Leclercq du Tremblay,[8111]
Clementine de Belgique,[4517]
Clotilde Kleeberg,[3274]
Clytemnestre,[11223]
Cockerill,[10213]
Colard,"[426, 10851]"
Cologne,[10412]
Comte de Mirabeau,[7675]
Confrérie de Saint-Sébastien,[6704]
Constance Sieburgh,"[8238, 8239]"
Constance de Clercq,"[8238, 8239]"
Constant Materne,[3256]
Constant Troyon,[8453]
Constantijn Rodenbach,[7260]
Constantin,[4849]
Constantin Meunier,"[781, 4325, 4647, 6092, 6260, 7143, 7156, 7207, 7252, 7689, 8289, 8343]"
Constantine Canaris,[6633]
Constantinople,"[10339, 10350]"
Contre-Réforme,"[341, 350, 2783, 4726, 5497, 5499, 5502, 8363]"
Contre-réforme,"[3821, 5496]"
Corne d'abondance,"[1405, 1720, 5365, 5551, 7059, 7126, 7832]"
Cornelia Africana,[10632]
Cornelia Pietersdr.,"[2321, 2324]"
Cornelis Danckerts de Rij,[2193]
Cornelis Johannes Sieburgh,"[8238, 8239]"
Cornelis van Spangen,[8730]
Coudenberg,[384]
Couronnement d'épines,[1208]
Couronnement de la Vierge,"[5500, 10814]"
Courtrai,"[6372, 6740]"
Couvent de Béthanie,[6606]
Couvent des soeurs d'Orthen,[6433]
Croatie,[8715]
Crucifixion,"[64, 1214, 3667, 4417, 6417, 6418, 7568, 10265]"
Crète,[881]
Crémens,[3943]
Crésus,[8623]
Cupidon,"[105, 123, 237, 294, 347, 392, 471, 1405, 3262, 4459, 5208, 5551, 5668, 5834, 6216, 6311, 6939, 7128, 8391, 8697]"
Cybo Ghisi,[5395]
Cyrus,[8623]
Cène,"[144, 1934, 5008, 6079, 10844]"
Cécile,[5683]
Cérès,"[324, 1720, 5208, 5551, 7017]"
César,[2587]
Céto,[11521]
Daifilo,[1361]
Dalila,"[5673, 6487]"
Damas,[6621]
Damrak,"[7943, 7945]"
Danaé,[5065]
Daniel,"[4079, 5652, 6621, 8259]"
Daphnis et Chloé,[2925]
Daphné,"[471, 6938]"
Darío de Regoyos,[5101]
Dauphiné,"[1922, 10405]"
Dave,[7979]
David,"[5299, 6407]"
David Lloyd George,[1162]
David Teniers le Jeune,[3250]
De Smidt,"[4826, 4827]"
De Vigne,"[5516, 5517]"
De praescriptione haereticorum,[10845]
Decima,[4029]
Delft,"[1492, 5893, 5896]"
Delphes,[5950]
Descente de Croix,"[165, 1860, 2212, 3674, 3675, 5027, 5707, 6332, 8289, 8394, 8572, 8573]"
Deynze,[6743]
Diakovar,[8715]
Dialogues avec saint Grégoire le Grand,"[1473, 3695]"
Diane,"[479, 1720, 1797, 2091, 2769, 6339, 6412, 11226]"
Diane de Poitiers,[5364]
Didon,"[114, 6379]"
Dieghem,[10223]
Diego Velázquez,[5967]
Diemen,[7114]
Diemerdijk,[7114]
Dieren,[7941]
Dieu,"[243, 280, 285, 376, 1380, 2515, 5500, 7887, 10839, 10840, 10874, 10876]"
Dieu le Père,[10849]
Dilbeek,[1451]
Dinant,[762]
Dioclétien,"[204, 330, 2292]"
Diogène,[8081]
Dioscure,[6310]
Dirck Ottens,"[2321, 2324]"
Directoire,[7674]
Dixmude,[1250]
Dominicain,[5395]
Dominique Ingres,[7653]
Domitien,"[6248, 10845]"
Dordrecht,"[2165, 4138]"
Dorilea,[1361]
Dorset,[7672]
Douze travaux d'Hercule,"[5055, 6141, 6365, 9351]"
Drenthe,"[7292, 7300, 7303, 7304, 7307, 7311, 7313, 7315, 7316, 7322, 7393, 7414, 7416]"
Duc de Bourgogne,[7582]
Duc de Richelieu,[7653]
Dyle,[6606]
Dédale,"[348, 1696]"
Démocrite,[6616]
Déploration,"[191, 1610, 1860, 2097, 2212, 3668, 8572, 8573]"
Dérision du Christ,"[2213, 8269, 10016]"
Désiré-Joseph Mercier,[7777]
Ecce Homo,[9351]
Edegem,[4968]
Edessa,[2933]
Edgard Tytgat,"[3588, 3591, 7470]"
Edith Van Leckwyck,[8140]
Edith van Leckwyck,[8136]
Edmond De Goncourt,[7648]
Edmond Evenepoel,"[1856, 6282]"
Edmond Lambrichs,[7689]
Edmond Picard,"[6273, 8183, 10758]"
Edmond de Goncourt,[7357]
Edmond de Goncourt et Jules de Goncourt,[7505]
Edouard Agneessens,"[2839, 4731]"
Edouard Fétis,"[2000, 6602]"
Edouard Huberti,[7689]
Edouard III,"[3083, 3087]"
Edouard Schuré,[6157]
Edouard de Bièfve,[671]
Edouard de Latour,[8683]
Edward Hyde,[6579]
Edwige Lubomirska,[3234]
Eext,[7416]
Egide Rombaux,[785]
Eglé,[8654]
Egypte,"[10341, 11231]"
Egée,[881]
Egérie,[7910]
Elie,[3958]
Elisabeth,"[666, 3275]"
Eliézer,"[4988, 7259]"
Elodie Lamotte,[3875]
Emile Closset,[3216]
Emile Sacré,"[1149, 2794, 7970]"
Emile Vauthier,[7996]
Emile Verhaeren,"[1443, 5110, 5256, 6270, 10196, 10904]"
Emile Zola,"[7361, 7648, 7649, 8591, 8592]"
Emile de Laveleye,[2090]
Emile de Mot,[3001]
Emile-René Ménard,[7825]
Emmanuel Frémiet,[7648]
Emmanuel Hiel,[2724]
Emmanuel de Winde,[2083]
Emmanuel-Marie de Cock,[6341]
Empire,[7674]
Empire Ottoman,[2158]
Engelspach-Larivière,[5399]
Ensor,[1803]
Enée,"[114, 371, 1254, 2518, 6379]"
Enéide,"[126, 371, 2518, 6379]"
Epaminondas,[3632]
Ephèse,[4882]
Epiphanie,"[364, 5658, 8233]"
Erasme-Louis Surlet de Chokier,[3441]
Ernest Acker,[7433]
Ernest Afchain,[6284]
Ernest Corr,[3367]
Ernest Meissonier,"[7648, 7649]"
Ernest Wijnants,[10360]
Ernest de Habsbourg,[5589]
Esaü,[8112]
Escaut,"[591, 760, 836, 844, 858, 1135, 1136, 1577, 1596, 2883, 5878, 5880, 6187, 6344, 6432, 6532, 6538, 6545, 6587, 8736, 10452, 10812, 10821]"
Eschyle,[5657]
Esdras,[10846]
Esméralda,[4446]
Esope,"[356, 4184]"
Espagne,"[304, 374, 422, 536, 757, 1273, 1444, 1445, 1589, 1798, 2003, 2057, 4664, 4840, 5392, 5878, 5886, 6330, 6451, 6453, 6628, 7146, 7147, 7148, 7149, 7150, 7203, 7204, 7205, 7268, 7282, 7467, 7510, 7524, 7525, 8289, 8290, 8291, 8292, 8293, 8294, 8295, 8296, 8297, 8298, 8299, 8300, 8301, 8302, 8303, 8304, 8305, 8307, 8309, 8310, 8311, 8313, 8314, 8316, 8317, 8318, 8319, 8320, 8321, 8322, 8323, 8324, 8325, 8326, 8327, 8328, 8329, 8330, 8332, 8335, 8336, 8337, 8338, 8340, 8341, 8342, 8343, 8344, 8345, 8346, 8347, 8348, 8349, 8350, 8351, 8352, 8353, 8511, 8521, 10487]"
Estampe Originale,[7363]
Ethon,[7961]
Etienne Le Roy,[5418]
Etrurie,[3352]
Etterbeek,[6466]
Eucharistie,[216]
Eugen Sandow,"[3563, 6629]"
Eugène Brunet,[7611]
Eugène Delacroix,[7653]
Eugène Fromentin,[8453]
Eugène Frédéric,[7526]
Eugène Guillaume,[3081]
Eugène Isabey,[8453]
Eugène Lamoral,[3234]
Eugène Smits,"[2763, 6394, 7689]"
Eugène Sterpin,[1666]
Eugène Verboeckhoven,[3179]
Eugène Ysaÿe,"[7246, 10255]"
Eugénie de Montijo,"[7649, 8451]"
Euphrosine Beernaert,[4917]
Europe,"[7128, 11228]"
Euros,[5393]
Eurysthée,[5055]
Eurythion,[9351]
Eva Callimaki-Catargi,[1869]
Evangiles,"[64, 165, 189, 191, 215, 234, 243, 246, 272, 300, 338, 350, 427, 507, 634, 1202, 1205, 1207, 1208, 1209, 1210, 1212, 1214, 1234, 1327, 1329, 1347, 1357, 1394, 1401, 1409, 1424, 1426, 1472, 1481, 1495, 1595, 1606, 1610, 1677, 1695, 1729, 1731, 1733, 1811, 1860, 1931, 1932, 1934, 2189, 2212, 2213, 2286, 2398, 2471, 2574, 3667, 3668, 3674, 3675, 3686, 3821, 4417, 4487, 4619, 4659, 4725, 4728, 4813, 4819, 4847, 4849, 4851, 4854, 4881, 5006, 5027, 5033, 5118, 5162, 5495, 5581, 5604, 5605, 5683, 5707, 5708, 5754, 5771, 5782, 5815, 5818, 5943, 5983, 6079, 6223, 6332, 6383, 6417, 6418, 6620, 7401, 7572, 7837, 7871, 7925, 8099, 8107, 8230, 8269, 8394, 8507, 8572, 8573, 8744, 9351, 10016, 10205, 10263, 10265, 10310, 10747, 10805, 10844, 10879]"
Evangéliste,[8574]
Eve,"[280, 1296, 1855, 1996, 2575, 2984, 4188, 5036, 7061]"
Evian,[1103]
Exode,"[5495, 10841, 10874, 11231]"
Exposition Universelle,[6177]
Exposition internationale des Sports,[7569]
Exposition universelle,[6645]
Expulsion des marchands du temple,[1329]
F. Boudin,[7689]
Faber,[5412]
Fabulae,[5438]
Faider,[2106]
Fampoux,[1267]
Fastes,[347]
Ferdinand II,[3229]
Ferdinand II de' Medici,[7536]
Ferdinand de Meeus,[3257]
Fernand Khnopff,[5230]
Fernando Alvarez de Toledo,[4840]
Firmin Baes,"[467, 4110]"
Fischer,[679]
Flagellation du Christ,[1207]
Flamenco,"[7148, 8323, 8332, 8351, 8352, 8353]"
Flora Reyntiens,[1151]
Flore,[3690]
Floreffe,[8746]
Fontainebleau,[984]
Fontenay-le-Fleury,[2604]
Forest,"[6482, 6485, 6489]"
Forêt de Soignes,[6526]
Fosset,[3736]
Frameries,"[7160, 7554]"
France,"[145, 164, 167, 185, 186, 527, 756, 807, 984, 1238, 1267, 1277, 1279, 1845, 1922, 2248, 2423, 2604, 2605, 2610, 2787, 2939, 3083, 3087, 3943, 4286, 5034, 5898, 6177, 6442, 6443, 6445, 6446, 6448, 6542, 6592, 7413, 7438, 7505, 7653, 7674, 7675, 8443, 8444, 8445, 8446, 8447, 8451, 8452, 8453, 8666, 8685, 10405, 10800]"
Francesca Genga,[5801]
Franchimont,[6924]
Franciscus Deleboe,[7107]
Frans Floris,[6387]
Frans Pourbus II,[3066]
Franz Binjé,[4654]
Franz von Stuck,[5967]
François Charles Joseph Bonaparte,[5738]
François Devienne,[1411]
François Dupuy,[982]
François Fénélon,[2876]
François Fétis,[3245]
François Huygens,[1652]
François I,[10923]
François Ier,[5364]
François René de Chateaubriand,[7653]
François Rude,[7419]
François Van Campenhout,[7260]
François Voltaire,[2829]
François de Beauharnais,[7675]
François du Quesnoy,[370]
François-Joseph Navez,"[3252, 5018]"
François-Jospeph Fétis,[5427]
François-Paul Vanden Eeckhoudt,[6259]
Friedrich Schiller,[2891]
Fré,[992]
Frédéric,"[2941, 3220, 3641]"
Frédéric Jean de la Hault,"[2771, 2949]"
Fuite en Egypte,"[1472, 1495, 4487, 4854, 8099, 8107]"
Furie Lierroise,[6588]
Furie espagnole,[6453]
Furie française,"[4990, 6430]"
Félicien Rops,"[7689, 10837]"
Félicité Robert de Lamennais,[7653]
Félix Dupanloup,[8455]
Fête des rois,"[364, 8233]"
Fôret de Soignes,[6529]
Galathée,[5239]
Galeries Royales,[5233]
Gand,"[341, 534, 1218, 2133, 3937, 3938, 4550, 5502, 6367, 8017]"
Gand-Terneuzen,[965]
Ganymède,[384]
Gaston Marchant,"[443, 2767]"
Gaëtan de Somzée,[4509]
Geertruidenberg,[6436]
Gelderland,[7406]
Gembloux,[6701]
Gemert,"[6450, 6455]"
Gendebien,[7742]
Genua,[2291]
Genèse,"[280, 285, 1296, 1855, 1985, 2432, 2515, 2575, 4663, 4988, 5036, 5426, 6622, 7259, 7295, 7658, 8112, 10870]"
George,[1475]
George Gougenot de Croissy,[490]
George Sand,[8444]
Georges Flé,[185]
Georges Giroux,"[3586, 3592, 3594, 3604]"
Georges Washington,[2897]
Georges-Eugène Baron Haussmann,[7649]
Georgette Dudaert,[2673]
Gerard Abraham van Houwelingen,[6605]
Germaine Wiener,[121]
Ghislaine Vandervelde,[3293]
Giacomo Gabardi,[450]
Gian Vincenzo Imperiale,[2291]
Gibelins,[6576]
Gieten,[7393]
Gilles-Lambert Godecharle,"[3448, 4641]"
Gillis Anselmus,[308]
Giotto,[3696]
Giovanni Battista Brustolon,[506]
Glaucus,[5031]
Golgotha,"[191, 350, 1234, 5605, 8572, 8573]"
Gomorrhe,[285]
Gondoforus,[4851]
Goor,"[8655, 8656]"
Gorgone,"[1108, 3188]"
Goths,"[1473, 3695]"
Gottfried August Bürger,[5296]
Gouvernement provisoire,[6369]
Grand Bâtard,"[193, 6631]"
Grand Place,[8730]
Grand Serment,"[6706, 6707, 6708, 6709]"
Grand Serment des Arbalétriers,"[2057, 5751, 6427]"
Grand-Place,"[1488, 2883]"
Grand-place,"[132, 6539]"
Grande Nèthe,[6588]
Grande Tuilerie d'Ivry,[7367]
Grande-Jatte,[167]
Granida,[1361]
Grave,"[6444, 6447]"
Groningue,[7314]
Groupe de figures,[9996]
Grèce,"[6633, 8623]"
Guelfes,[6576]
Guerre de Cent ans,"[3083, 3087]"
Guerre de Quatre-vingt ans,"[671, 4664, 4990, 6430, 6451, 6588, 7268, 8511, 8521]"
Guerre de Quatre-vingts ans,[6453]
Guerres puniques,[882]
Guillaume De Groot,[1147]
Guillaume Geefs,[3328]
Guillaume I,"[791, 792, 794, 795, 796, 798, 799, 800, 801, 803, 805, 806, 815, 875, 2802, 3115, 6442, 6443, 6445, 6446, 6448, 6479]"
Guillaume II,[2941]
Guillaume III,"[6444, 6447, 6450, 6455]"
Guillaume Jacques Joseph Bosschaert,[2791]
Guillaume Jacques Joseph de Bosschaert,[3075]
Guillaume Tell,[1524]
Guillaume Vogels,[6253]
Guillaume d'Orange,[6479]
Guillaume de Troch,[10357]
Guillaume-Frédéric-Charles de Nassau,[4642]
Guillaume-Frédéric-Georges-Louis de Nassau,[4643]
Guirand,[7648]
Gustave Courbet,[8453]
Gustave De Smet,[6219]
Gustave Eiffel,[6177]
Gustave Flaubert,"[7649, 8449]"
Guy De Maupassant,"[7648, 7649]"
Gènes,[368]
Gédéon,[193]
Gérard Sanders,[1276]
Haar,[7389]
Haarlem,"[378, 1488, 5864, 7408, 7907, 8395]"
Hamlet,[3338]
Hannibal,[1373]
Hanovre,"[7301, 7394, 7395]"
Hans Memling,"[172, 3523]"
Hans Vredeman de Vries,[2225]
Harlem,[6989]
Harman Dircksz. van de Kolck,[1365]
Hastings,[1475]
Hector,"[8657, 10852]"
Hector Berlioz,[7653]
Hector Denis,[10198]
Helena Blavatsky,[8214]
Hendrick Goltzius,[304]
Hendrick Trip,"[1569, 1570]"
Henri Asselbergs,[7691]
Henri Evenepoel,"[1837, 6162, 10746]"
Henri Goethals,[2827]
Henri Hymans,"[7428, 10822]"
Henri Le Fauconnier,[8694]
Henri Leys,"[6630, 6686]"
Henri Maquet,[2998]
Henri Rochefort,[8456]
Henri Van Assche,[5421]
Henri Voordecker,[5409]
Henri d'Orléans,[8445]
Henri de Braekeleer,[7277]
Henri de Régnier,[6090]
Henric van Dongelberghe,[2097]
Henry Van de Velde,[10117]
Henry de Groux,[739]
Herbert Henry Asquith,[1159]
Hercule,"[114, 357, 2225, 3818, 5055, 5424, 5454, 5839, 6004, 6141, 6280, 6318, 6365, 6937, 9351, 9996]"
Hercule Farnèse,[5028]
Hermès,"[5498, 5904, 5944]"
Hernani,[8239]
"Hernen, Pays-Bas",[10832]
Hersé,"[5904, 5944]"
Herzégovine,[1058]
Hesiode,[5460]
Het IJ,[7114]
Heyst,[1953]
Heyst sur Mer,[1953]
Hillegom,[6987]
Hilversum,[7309]
Hingene,[626]
Hippodamie,"[5501, 9351]"
Hippolyte de la Charlerie,[7689]
Hof ter Biest,[6477]
Hola,[6533]
Hollande,"[2762, 5893, 8396, 8492, 8497, 8498, 8504]"
Holopherne,[6580]
Homère,"[2914, 4449, 4451, 7279, 8657, 10852, 11198]"
Hongrie,"[5589, 6350, 7426]"
Honoré d'Urfé,[1820]
Honoré de Balzac,[7653]
Hoogeven,[7414]
Hoorn,[11251]
Hortence Delsaert,[10388]
Hortense Bueso,[1891]
Hortense Dansaert,[2023]
Hospice Ter Arken,[6521]
Hottat,[244]
Houffalize,[2270]
Houlgate,[2423]
Hubert Goltzius,[304]
Hugo van der Goes,[4520]
Huis van Alijn,[3937]
Huntingdon,[1475]
Huy,[2305]
Hygin,"[5438, 5454]"
Hypnos,"[4912, 9962]"
Hébreux,[10874]
Hécube,[2175]
Héliodore,[430]
Héliogabal,[8499]
Hélène,"[11198, 11223]"
Hélène Fourment,[5566]
Hélène de Burlet,[10154]
Hénin-Beaumont,[6542]
Hénin-Liétard,[6542]
Héraclite,[6615]
Héraclès,[3174]
Hérode,"[1205, 1729, 1733, 7572]"
Hérodiade,[5818]
Hôtel d'Hoogstraeten,[6525]
Hôtel de Culembourg,[671]
Hôtel de ville,[6187]
Icare,"[348, 1696]"
Ignaz von Döllinger,[8717]
Iliade,"[4451, 7279, 8657, 10852, 11198]"
Illiade,[4449]
Impruneta,[1248]
Inde,[4851]
Inquisition,[7281]
Io,[5498]
Irène,[330]
Isaac,"[1387, 8112]"
Isabella Clara Eugenia,"[2300, 5585]"
Isabelle Claire Eugénie,"[5587, 5751, 5752, 5825, 5880, 8078, 8079]"
Isabelle Thienpont,[7996]
Isabelle Zuccaro,[5361]
Isidore Verheyden,[447]
Ismaël,"[4663, 5426, 7295]"
Israël,"[189, 1246, 5407, 6387, 6407, 7269, 7923]"
Italie,"[368, 373, 509, 552, 913, 1078, 1248, 1346, 1465, 1483, 1528, 1551, 1605, 1689, 2316, 2783, 3094, 3352, 4405, 4408, 4409, 4619, 4620, 4726, 5028, 5266, 5272, 5594, 6007, 6597, 6624, 6635, 6636, 6637, 6877, 7417, 7662, 8081, 8485]"
Iwan Gilkin,[6271]
Ixelles,"[4572, 7613]"
J. Sieburgh,"[8021, 8022]"
Jaaphannes,[7114]
Jacob Jordaens,[2882]
Jacob van Liesvelt,[8729]
Jacobus de Voragine,[4606]
Jacqueline van Caestre,"[5556, 5557]"
Jacques Francart,[3580]
Jacques I,[5553]
Jacques de Voragine,"[204, 330, 1252, 1354, 1384, 1416, 1473, 2292, 3695, 4659, 4851, 4875, 5260, 5496, 5663, 5761, 6124, 6178, 6310, 8558, 10163, 10165, 10783, 10804, 10814, 10853]"
Jacques van Artevelde,[6367]
Jacques-Louis David,[7674]
Jakob Smits,"[7423, 7424, 8539]"
James Ensor,"[1789, 3042, 3606, 3992, 4238, 5411, 6042]"
James Manson,[10561]
Jan Breydel,[2727]
Jan Roose,"[5597, 5598]"
Jan Snellinck,[2441]
Jan Stobbaerts,"[793, 6281]"
Jan Verhas,[8460]
Jan van Eyck,[2669]
Jan-Robert Calloigne,[2951]
Janus,[5374]
Japon,[5048]
Jarretière,[4532]
Jason,"[193, 5438]"
Jean,"[1202, 4619, 4847, 5033, 5162, 5495, 5581, 5754, 6079, 10844]"
Jean André van der Mersch,"[3319, 3320]"
Jean Cardon,[4344]
Jean Charles Houzeau,[6685]
Jean Charles de Cordes,"[5556, 5557]"
Jean Dominique,[185]
Jean Krickx,[3602]
Jean Paul Marat,[119]
Jean Racine,"[2874, 5402, 10297]"
Jean Richepin,"[5255, 7648]"
Jean Rousseau,[6604]
Jean Servais Stas,[6688]
Jean d'Aire,"[3083, 3087]"
Jean de Froimont,[3666]
Jean de Mot,[7434]
Jean van de Eeckhoudt,[1764]
Jean-Baptiste Carpeaux,[7649]
Jean-Baptiste Meunier,[7689]
Jean-Baptiste d'Omalius d'Halloy,[3324]
Jean-Baptiste-Camille Corot,[8453]
Jean-Charles della Faille,[374]
Jean-Edouard Bommer,[435]
Jean-François Millet,[8453]
Jean-François Portaels,[2834]
Jean-François Vandaël,[731]
Jean-Jacques Henner,[7648]
Jean-Léon Gérôme,[7648]
Jean-Paul Marat,[7674]
Jeanne Meunier,"[7143, 7156, 7207]"
Jeanne de Castille,[7278]
Jeanne la Folle,"[2069, 6626, 7278, 7296]"
Jef Lambeaux,[809]
Jehanne de Prelle,[193]
Jemima Dutton,[6969]
Jenneval,[7260]
Jenny Montigny,[1099]
Jerusalem,[10846]
Joachim Lelewel,[3330]
Joachim Patenier,[296]
Joanna Anselmus,[308]
Joanna Hooftmans,[308]
Job,[243]
Johanna de Geer,"[1569, 1570]"
Johanna van Heyst,"[5588, 5590]"
Johannes Hoornbeek,[4597]
Johannes Woverius,[1219]
John Milton,"[2887, 6235]"
John Willet,[7672]
Jonas,[1688]
Joris van Zelle,[241]
Joris van de Velde,[4812]
Jos Albert,[1177]
Joseph,[230]
Joseph Charles de Meulemeester,[2740]
Joseph II,[6207]
Joseph Nicolas Robert-Fleury,[8453]
Joseph Paelinck,"[3074, 5404]"
Joseph Partoes,[3255]
Joseph Schubert,[6638]
Joseph Strossmayer,[8715]
Joseph Wieniawski,[7608]
Joseph-Basile van Praet,[3301]
Joseph-Charles De Meulemeester,[1689]
Joseph-François Van Gend,[515]
Joseph-Gustave Allard,"[2023, 4528]"
Josine van Cauteren,[7424]
Joséphine Berardi,[3315]
Joséphine de Beauharnais,"[7674, 8443]"
Joséphine de Zualart,[3315]
Jourdain,[234]
Judas,[3663]
Judic,[4515]
Judith,[6580]
Judée,[7269]
Jugement dernier,"[1996, 5294]"
Jules Bara,[10190]
Jules Fayaerts,[3560]
Jules Grévi,[7675]
Jules Grévy,[8457]
Jules Lagae,[808]
Jules Malou,[3313]
Jules Raeymaekers,"[2848, 7689]"
Jules Vallès,[7360]
Jules van Praet,[6687]
Julia Maesa,[8499]
Julia Mamaea,[8499]
Julia Soaemias,[8499]
Juliaan de Vriendt,[4547]
Julien Dillens,[2964]
Juliette Blum,[3278]
Juliette Faider,[2114]
Juliette Wytsman,[6278]
Junon,"[5208, 5454, 5819, 6347, 6353, 7832]"
Jupiter,"[114, 1252, 5065, 5471, 5819, 8099, 8391, 10767]"
Justa de Potter,[3178]
Juste Lipse,[1219]
Justus Lipsius,[5640]
Jérusalem,"[64, 230, 427, 430, 980, 1481, 1931, 4417, 4638, 4819, 8572, 8573, 10265, 10335]"
Jésus,"[64, 144, 154, 165, 191, 211, 215, 216, 219, 230, 234, 246, 247, 272, 300, 338, 350, 427, 634, 1197, 1202, 1205, 1207, 1208, 1209, 1210, 1212, 1214, 1232, 1234, 1298, 1327, 1329, 1357, 1401, 1409, 1416, 1419, 1420, 1424, 1426, 1472, 1473, 1477, 1481, 1495, 1573, 1595, 1606, 1610, 1695, 1731, 1811, 1860, 1931, 1932, 1934, 2005, 2097, 2189, 2212, 2213, 2286, 2398, 2471, 2574, 2577, 2635, 3460, 3498, 3562, 3662, 3663, 3664, 3667, 3668, 3670, 3673, 3674, 3675, 3686, 3688, 3695, 3821, 4417, 4479, 4487, 4548, 4725, 4726, 4728, 4813, 4814, 4819, 4827, 4847, 4848, 4849, 4851, 4853, 4854, 4875, 4913, 5006, 5008, 5027, 5033, 5162, 5288, 5495, 5497, 5499, 5500, 5555, 5581, 5604, 5605, 5613, 5683, 5707, 5708, 5732, 5754, 5761, 5771, 5782, 5943, 5983, 6079, 6080, 6189, 6223, 6261, 6268, 6299, 6332, 6371, 6417, 6418, 6620, 6633, 6966, 7203, 7401, 7488, 7871, 7878, 7925, 8080, 8099, 8107, 8269, 8394, 8507, 8572, 8573, 8574, 8659, 8744, 9351, 9914, 10016, 10165, 10205, 10263, 10265, 10310, 10311, 10747, 10783, 10805, 10807, 10814, 10844, 10849, 10859, 10862, 10879, 10886, 10897, 10901]"
Jésus bénissant les enfants,"[5943, 10747]"
Jésus chez Marthe et Marie,[272]
Jésus cloué sur la croix,[4814]
Jésus devant Anne,[1202]
Jésus devant Hérode,[1205]
Jésus devant Pilate,[5604]
Jésus et les Docteurs,[7925]
Jésus instruisant Nicodème,[5581]
Kalmthout,[597]
Karl Meunier,"[8289, 8343]"
Karl Theodor,[1433]
Katwijck,"[3576, 8563]"
Kew,"[1101, 1104]"
Kipdorppoort,[6430]
Klistra,[5667]
Kobe,[8539]
Kobe de Malines,[3887]
Kostverlorenkade,"[10353, 10359]"
Kraanlei,[3937]
Kranenburg,[4595]
L'Art,[6600]
L'Astrée,[1820]
La Brabançonne,[7260]
La Gamme d'Amour,[3992]
La Glu,[5255]
La Haye,"[7888, 7938, 7939, 7940]"
La Hougue,[7950]
La Hulpe,[4651]
La Libre Esthétique,"[4678, 7248, 7353, 7372]"
La Panne,[10453]
La Tonia,[10219]
La baigneuse,[7569]
La brebis égarée,[6383]
La femme adultère,"[4847, 5033, 5495]"
La messe de saint Grégoire,[3663]
La naissance de la Vierge,[10163]
La présentation de la Vierge au temple,[10163]
La terre,[6269]
Laaren,[7392]
Laeken,[5825]
Laetitia Bonaparte,[4488]
Lambert de Liverlo,[6237]
Lambert van der Horst,[8110]
Lamoral,"[2003, 2030, 2057, 2096, 5385, 5386, 5387, 6427, 6486]"
Lancelot van Ursele,[8730]
Lapithes,"[5501, 9351]"
Laure Flé,[185]
Laure Janné,[1276]
Laurent de Rasière,"[4975, 4977]"
Lavement des pieds,"[6079, 10844]"
Lazare,"[243, 10310]"
Le Havre,[7645]
Le Mort,"[10210, 10217, 10218, 10219, 10220, 10221]"
Le Tasse,[2051]
Le déluge,[1985]
Le dénombrement de Bethléem,[5044]
Le fils prodigue,"[5815, 8044]"
Le mauvais riche,"[243, 10310]"
Lechat-Wittouck,[8672]
Lectures prohibées,[7281]
Leiden,[7890]
Leiderdorp,[7890]
Lekkerbeetje,[6605]
Leopold I,[4532]
Leroux,[3601]
Les Vies Parallèles,[2587]
Les XX,"[4678, 7248, 7372]"
Les apocryphes,"[230, 1354, 1384, 2280, 5288, 6124, 6178, 8558]"
Les apôtres,[6178]
Les larrons,[6418]
Les miracles de saint Benoît,"[1473, 3695]"
Les vertus cardinales,[392]
"Les vies des hommes illustres, grecs et romains comparées l'une avec l'autre",[1933]
Lesse,[8383]
Leyde,"[2321, 2324, 4529, 4597, 7107, 7127, 7129]"
Leyden,[5363]
Libye,[2518]
Lierre,[6588]
Lille,[3665]
Lissewege,[2590]
Livie,[126]
Livre de Job,[243]
Livre de Samuel I,"[5299, 7923]"
Livre de Tobie,"[6511, 8390]"
Livre des Juges,[5673]
Livre des Maccabées II,[430]
Livre des Prophètes,"[4079, 5652, 8259]"
Livre des Rois I,[1246]
Livre des Rois II,"[3958, 5402, 10297]"
Livre des prophètes,"[1688, 6621]"
Livre des rois I,"[5407, 6387]"
Liège,"[513, 2305, 5255, 7134, 7151, 7233]"
Liéven Bauwens,[1218]
Loggia,[1689]
Loire,"[6592, 6593, 7438]"
Lokeren,[6738]
Londres,"[490, 1106, 1107, 1109, 1110, 1111, 1113, 1115, 1116, 1117, 1118, 1119, 1120, 1121, 1122, 1123, 1125, 1126, 1130, 4095, 7556, 7557, 8103]"
Longos,[2925]
Longus,[2925]
Loth,"[285, 2515]"
Loue,[145]
Louis Alvin,[5422]
Louis Artan de Saint-Martin,[7689]
Louis Charles Crespin,[1839]
Louis Claes,[433]
Louis David,[4662]
Louis Dubois,"[1641, 7689]"
Louis Eugène Cavaignac,[8446]
Louis Faider,[2046]
Louis Gallait,"[2003, 2088, 2969, 3165, 6603]"
Louis Pasteur,"[7675, 8458]"
Louis XIII,[7653]
Louis XIV,[8134]
Louis XVI,"[119, 7674]"
Louis-Philippe,[7653]
Louise Riesener,[1869]
Louise de Graaff,[4328]
Louise de Timbrune-Valence,[3359]
Louise van Mattenburgh,[6194]
Louise van der Hecht,[78]
Louise-Caroline-Françoise van Campenhout,[482]
Louise-Marie,"[2110, 3332, 3364]"
Louvain,"[200, 203, 1504, 6457, 6643, 10166]"
Louveciennes,[5034]
Luc,"[189, 234, 246, 272, 338, 427, 1205, 1606, 1811, 4659, 5815, 5983, 7401, 7925, 8044, 8230, 8744, 10310]"
Luca Signorelli,[7835]
Lucas Faydherbe,[1969]
Lucien Wollès,"[4324, 4325, 6283]"
Lucius Sergius Catilina,[2997]
Lucius Verus,[6249]
Lucrèce,[1369]
Luxembourg,[1189]
Lydie,"[3818, 6937, 8623]"
Lys,[182]
Lystra,[5667]
Léda,[11223]
Légende Dorée,[10165]
Légende dorée,"[204, 330, 1252, 1354, 1384, 1416, 1473, 2292, 3695, 4606, 4659, 4851, 4875, 5260, 5496, 5663, 5761, 6124, 6178, 6310, 8558, 10163, 10783, 10804, 10814, 10853]"
Lénore,[5296]
Léon Bonnat,[7648]
Léon Braunsberg,[2093]
Léon Cladel,"[2795, 2796, 8535]"
Léon Fontaine,[1276]
Léon Frederic,[3193]
Léon Gambetta,[8459]
Léon Gauchez,[6600]
Léon Spilliaert,[4694]
Léonard de Vinci,[8271]
Léonie Noulet,[3554]
Léopold,"[2332, 2779]"
Léopold Guillaume d'Autriche,[384]
Léopold I,"[811, 2109, 3208, 3227, 3413, 4345, 4346, 4533, 6687]"
Léopold II,"[2036, 2064, 3371, 4665, 5371, 6687]"
Léthé,[3436]
Maarten van Rossum,[8730]
Maastricht,"[6536, 8144, 8360]"
Madame Doucet,[5410]
Madame Rawlinson,[7833]
Madame Récamier,[7674]
Madame Sieburgh,[8022]
Madame Victor Willem,[185]
Madelon,[564]
Mademoiselle Bénard,[7823]
Maison hydraulique,[846]
Majorque,"[422, 536, 1445]"
Malines,"[2909, 6606, 7777]"
Malvina Dedeyn,[7423]
Manette Salomon,[7505]
Mara,[10841]
Marathon,[10332]
Marc,"[507, 7837]"
Marc Aurèle,[3473]
Marcel Binjé,"[448, 5103]"
Marcellus,"[126, 7913]"
Margareta van Riebeke-Parmentier,[4862]
Margarita Maria,[7510]
Marguerite Khnopff,"[81, 4760]"
Marguerite Landuyt,[4772]
Marguerite Numan,[246]
Marguerite d'York,[4550]
Marguerite de Parme,"[8731, 10094]"
Maria Francesca Imperiale,[368]
Maria Monnom,[185]
Maria Petrie,[6084]
Maria Zimmern,[6084]
Maria van Rysselberghe,[185]
Mariage de la Vierge,"[1384, 5663]"
Mariakerke,"[4239, 10225]"
Marie,[247]
Marie Closset,[185]
Marie Monnom,[5029]
Marie d'Autriche,[9938]
Marie de Bourgogne,"[4996, 8085]"
Marie de Hongrie,"[6425, 6426, 6628]"
Marie de Médicis,[5880]
Marie de Vriendt,[4547]
Marie-Anne Charlotte Corday,"[119, 7674]"
Marie-Anne Hortemels,[11525]
Marie-Antoinette d'Autriche,[7674]
Marie-Henriette,"[2038, 2068, 4665]"
Marie-Josèphe-Rose de Tascher de La Pagerie,[8443]
Marie-Louise de Crombrugge,[2018]
Mariemont,"[3244, 7251]"
Mario de Gayassa,"[2015, 2018]"
Marius,[1933]
Maroc,"[691, 4672, 6091, 6460, 6462, 6463, 6464]"
Maroussia Barannikoff,[8694]
Mars,"[123, 237, 3400, 5553, 7346]"
Marsyas,[355]
Marthe Denis,[1573]
Marthe Massin,[1443]
Martigues,[8691]
Martin Pepyn,[1054]
Martin Van Rossem,[8146]
Martin-Joseph Allard,[5417]
Mary Douglas,[6578]
Mary Manson,[10561]
Mary von Stuck,[5967]
Massacre des innocents,"[1729, 1733, 7572]"
Massanova,[2015]
Mathieu Kessels,[3091]
Matthieu,"[215, 634, 1210, 1394, 1401, 1409, 1472, 1495, 1677, 1695, 1729, 1731, 1733, 1932, 2189, 2398, 2574, 3821, 4854, 5818, 6223, 7572, 8099, 8107]"
Maurice Denis,[1573]
Maurice Evenepoel,[1850]
Maurice Maeterlinck,"[7425, 7570]"
Maurice Stracmans,[2774]
Maxence,[10804]
Maximilien I,"[5627, 5723]"
Maximilien de Robespierre,[7674]
Meknès,[6091]
Melchisédech,[6622]
Memento mori,"[138, 424]"
Menin,[6739]
Menton,[7413]
Mer du Nord,"[8703, 10910, 10918]"
Mercure,"[5498, 5705, 5904, 5944]"
Merley House,[7672]
Metamorphoses,"[348, 5501, 5508, 9351]"
Meuse,"[762, 763, 774, 6535, 7979, 7985]"
Mgr. Granito Pignatelli di Belmonte,[2933]
Michel Ange,[1869]
Michel-Ange,[7910]
Midas,[5508]
Milan,"[1337, 2783, 4726, 6576]"
Minerve,"[392, 2941, 5017, 5038, 5553, 6347, 6353, 6409, 7108]"
Minnewater,[5227]
Minos,[1696]
Minotaure,[881]
Miracle du Christ,[5754]
Mise au tombeau,"[246, 1327, 1357, 1424, 1931, 4725, 5027, 5708, 8573, 10263]"
Misia Godebska,[736]
Mitche Ensor,[156]
Mnasyle,[8654]
Moerdijk,[6434]
Mommen,[5111]
Mona Lisa,[8271]
Monarchie orléanaise,[8444]
Mondaye,[8111]
Mons,[3573]
Monsieur Wynand-Janssens,[8058]
Mont Carmel,[10165]
Mont César,[6457]
Mont Rose,[6637]
Montaigne,[2051]
Montée au Calvaire,"[350, 1209, 1212, 2005, 4849, 5605, 9351]"
Morbihan,[8685]
Morta,[4029]
Moïse,[10841]
Multiplication des pains,[300]
Mustapha IV,[2158]
Musée Carnavalet,[8801]
Musées royaux des Beaux-Arts de Belgique,"[2000, 2791, 2899, 3075, 6602]"
Méditerranée,[4682]
Méduse,"[1108, 3188, 5038, 5553]"
Méléagre,[5579]
Mésopotamie,[7259]
Métamorphoses,"[355, 357, 471, 1474, 1696, 3183, 3188, 3312, 5031, 5065, 5208, 5424, 5471, 5482, 5498, 5505, 5579, 5699, 5904, 6400, 6938, 6939, 7961, 9996, 11226, 11228]"
Nachor,[7259]
Namur,"[1646, 6702, 6703, 8746, 11252]"
Nancy,[7062]
Nantes,"[6593, 7438]"
Naomi,[6789]
Naples,"[3407, 4619, 4620]"
Napoléon Bonaparte,"[2787, 2939, 4488, 7674, 8443, 10800]"
Napoléon Eugène Louis Jean Joseph Bonaparte,[8451]
Napoléon Godecharle,[2670]
Napoléon III,"[7649, 8451]"
Narcisse,"[2768, 3677]"
Nardus,[6150]
Nativité,"[3667, 3686, 4728, 5683, 5771, 5782, 8507, 10805]"
Navez,[5419]
Naïades,[7126]
Nederschelde,[534]
Neel Doff,[2762]
Nel Wouters,"[242, 3584, 3585, 3587, 3589, 3879, 10388, 10408, 11533]"
Nelly Hurrelbrinck,"[1658, 5174]"
Neptune,"[1388, 1973, 6231, 6617, 7586, 8508]"
Neuenahr,"[4101, 4105, 4106]"
Nicolaes van Bambeeck,[380]
Nicolas Charles Sieburgh,"[8238, 8239]"
Nicolas Jean Rouppe,[3439]
Nicolas Rockox,[8363]
Nicolas Warocqué,[3244]
Nicolas de Russie,[3644]
Nicolas-Henri Tardieu,[11525]
Nicolas-Joseph Neuray,[2220]
Nicolas-Joseph-Xavier Lion,[5420]
Nieuport,"[4562, 6317]"
Nieuwe Diep,[7114]
Nieuwe-Zijds Heeren Logement,[2315]
Noli me tangere,[2471]
Nombres,[10874]
Nona,[4029]
Norga,[5308]
Normandie,[7950]
Notre-Dame,[4446]
Notre-Dame de Paris,"[4446, 4447]"
Notre-Dame-de-Laeken,[5825]
Nouveau Testament,"[64, 165, 189, 191, 215, 234, 243, 246, 272, 300, 338, 350, 427, 507, 634, 1202, 1205, 1207, 1208, 1209, 1210, 1212, 1214, 1234, 1327, 1329, 1357, 1386, 1394, 1401, 1409, 1420, 1424, 1426, 1472, 1481, 1495, 1595, 1606, 1610, 1677, 1695, 1729, 1731, 1733, 1811, 1860, 1931, 1932, 1934, 1996, 2005, 2189, 2212, 2213, 2286, 2398, 2574, 3667, 3668, 3674, 3675, 3686, 3821, 4417, 4487, 4659, 4725, 4728, 4813, 4819, 4847, 4849, 4851, 4854, 4881, 4882, 5006, 5027, 5033, 5118, 5162, 5294, 5495, 5500, 5581, 5604, 5605, 5667, 5683, 5707, 5708, 5754, 5782, 5815, 5818, 5943, 5983, 6079, 6223, 6332, 6383, 6411, 6417, 6620, 6621, 7401, 7572, 7837, 7871, 7925, 8044, 8099, 8107, 8230, 8269, 8394, 8572, 8573, 8744, 9351, 10016, 10205, 10263, 10265, 10310, 10747, 10840, 10862, 10879]"
Nouveau testament,"[292, 1347, 5494, 5771, 6418, 8507, 10805]"
Noël,"[4548, 8290]"
Noële Denis,[1573]
Oberstein,[6440]
Octave Maus,"[4678, 7248, 7372]"
Octavie,[126]
Odalisque,[10344]
Odyssée,[6370]
Oede Seyle,[2194]
Ommegang,[4828]
Omnia,[6691]
"Ompdrailles, le tombeau des lutteurs","[2795, 2796, 8535]"
Omphale,"[3818, 6937]"
Oostcleyhem,"[205, 206]"
Ophélie,"[3338, 6356]"
Orange-Nassau,"[875, 2941, 3115, 3641, 3643, 6444, 6447, 6450, 6455, 6479]"
Ordre de Léopold,"[413, 4532]"
Ordre de Malte,[1218]
Ordre de la Sainte Trinité,[6884]
Oreste,[5950]
Orientalisme,"[137, 692, 717, 1058, 1848, 1849, 1854, 1994, 2008, 4663, 5402, 5407, 5426, 6091, 6163, 6164, 6165, 6166, 6167, 6168, 6379, 6456, 6460, 6462, 6463, 6464, 6468, 7269, 7628, 10297]"
Orithye,[5657]
Ornans,"[1277, 1279]"
Orphée,[7487]
Ostende,"[1805, 3960, 3989, 4014, 4015, 4018, 4019, 4568, 4695, 5117, 5121, 5204, 5207, 5233, 5236, 6222, 6451, 7268, 7569, 8397, 8511, 9333, 10910, 10918]"
Ostie,[1367]
Otto Vaenius,[4730]
Otton III,"[200, 203]"
Oude Kerk,"[1492, 5893, 7945]"
Oudenbourg,[4018]
Oudergem,[767]
Ouessant,[1269]
Ougrée,[10213]
Overijssel,[7406]
Ovide,"[347, 348, 355, 357, 471, 1474, 1696, 3183, 3188, 3312, 5065, 5424, 5471, 5482, 5498, 5501, 5505, 5508, 5579, 5699, 5904, 6400, 6938, 6939, 7126, 7961, 9351, 11226, 11228]"
Oxford,[1159]
Palais des Beaux-Arts,[5371]
Palais des ducs de Brabant,"[2260, 10895]"
Palais des ducs du Brabant,[6525]
Palais du Noordeinde,[7940]
Pan,"[4395, 5508, 6400]"
Pantalone,[379]
Panthéon d'Agrippa,[5028]
Parc de Bruxelles,"[1204, 6336]"
Paris,"[167, 703, 736, 1845, 2610, 3301, 4286, 4446, 6175, 6177, 7362, 7505, 7653, 7958, 8801, 9825, 9826]"
Pas de Calais,[6542]
Pas-de-Calais,[185]
Passion,"[64, 144, 165, 191, 211, 246, 350, 1202, 1205, 1207, 1208, 1209, 1210, 1212, 1214, 1357, 1424, 1481, 1610, 1860, 1931, 1934, 2005, 2212, 2213, 2286, 3662, 3667, 3668, 3674, 4417, 4814, 4819, 4849, 5027, 5604, 5605, 5707, 5708, 6417, 6418, 7871, 8269, 8394, 8572, 8573, 9351, 10016, 10263, 10265, 10862]"
Passions humaines,[3562]
Patershol,[3937]
Patrocle,[4449]
Paul Baignières,[1829]
Paul Balthasar Ommeganck,[730]
Paul Dubois,[7648]
Paul Hagelstein,[7836]
Paul Hymans,[7421]
Paul Janson,"[3290, 6276, 7249, 10197]"
Paul Lambotte,[1757]
Paul Leroi,[6600]
Paul Verlaine,[10002]
Paul du Bois,[3287]
Pavillon de Beauregard,[6514]
Pays-Bas,"[378, 384, 402, 599, 671, 791, 792, 794, 795, 796, 798, 799, 800, 801, 803, 805, 806, 815, 875, 1108, 1381, 1492, 1569, 1598, 2133, 2165, 2300, 2802, 2941, 3115, 3254, 3576, 3643, 4065, 4102, 4529, 4642, 4840, 4990, 5363, 5585, 5587, 5589, 5749, 5751, 5752, 5864, 5878, 5883, 5885, 5886, 5893, 5896, 6385, 6430, 6433, 6434, 6444, 6447, 6450, 6451, 6453, 6455, 6479, 6536, 6588, 6961, 6962, 6987, 6988, 6989, 7066, 7114, 7127, 7129, 7131, 7268, 7288, 7292, 7300, 7304, 7307, 7309, 7310, 7311, 7313, 7314, 7315, 7316, 7322, 7393, 7408, 7414, 7416, 7467, 7516, 7587, 7890, 7893, 7940, 7946, 8089, 8090, 8095, 8096, 8129, 8130, 8131, 8133, 8140, 8144, 8256, 8396, 8492, 8497, 8498, 8504, 8511, 8521, 8563, 8655, 8656, 8730, 10513, 10514, 10778, 10779, 10780, 10782, 10785]"
Pays-Pas,[8360]
Pays-bas,"[4664, 5749, 6442, 6443, 6445, 6446, 6448, 7303, 7406, 8731]"
Paysage,[6187]
Pedro Campaña,[8289]
Pentecôte,[1665]
Perk,[6458]
Perse,[8623]
Persée,"[3188, 11521]"
Peter Frans Jacobs,[2588]
Peter Paul Rubens,"[884, 886, 1219, 3454, 5566, 5622, 5623]"
Petit Serment des Arbalétriers,[5749]
Petite Nèthe,[6588]
Pharaon,[10870]
Phaëton,[5482]
Philae,[10329]
Philibert Cockx,"[1178, 1186, 1196]"
Philip IV,[7510]
Philippe,[3427]
Philippe Haneton,[246]
Philippe II,"[304, 2003, 2057, 6628, 7282]"
Philippe IV,"[374, 3083]"
Philippe d'Orléans,[7675]
Philippe de Champaigne,"[1852, 2789]"
Philippe le Beau,"[2069, 4550, 6626, 6632, 7278, 7296]"
Philippe le Bon,"[193, 4998, 7582, 8084]"
Philippe van Brée,[3112]
Philippe van den Venne,[2904]
Philippus Aureolus Paracelsus,[5565]
Philips Rubens,[1219]
Phlippe IV,[3087]
Picardie,[2248]
Picke,[2010]
Pierre Cambronne,[2722]
Pierre Joseph van Beneden,[3325]
Pierre Lambert Goossens,[2909]
Pierre Puvis de Chavannes,"[7351, 7356]"
Pierre Simons,"[3334, 6368]"
Pierre Van Gobbelschroy,[8605]
Pierre Verhulst,[2920]
Pierre van der Werff,"[4529, 5363]"
Pierre-Auguste Renoir,[3077]
Pierre-Joseph Proudhon,[7653]
Pierrot,[159]
Pieter Cornelisz. Hooft,[1361]
Pieter II Brueghel,[5044]
Pieter Pecquius,[5574]
Pieter Pietersz Heijn,[5893]
Pieter de Coninck,[2728]
Pietà,"[5006, 5497, 10205, 10879]"
Pilate,"[1210, 5604]"
Pilate se lave les mains,[1210]
Pincio,[8485]
Place du Peuple,[8485]
Place royale,[811]
Plaisir-Fontaine,[1277]
Plantin,[837]
Plutarque,"[1933, 2587]"
Poeticon Astronomicon,[5454]
Pollux,[11223]
Polymnestor,[2175]
Polyxène,[1470]
Pomone,"[357, 5551, 6939]"
Pompée,[2587]
Pont Milvius,[4849]
Pont des Arts,[6175]
Pont-Aven,"[164, 165]"
Pont-Neuf,[8017]
Porte dorée,"[230, 10165]"
Portrait,[10758]
Portugal,[3229]
Porzia Imperiale,[368]
Postel,[8532]
Poverella,"[5516, 5517]"
Première guerre mondiale,[6644]
Priam,[8657]
Prince Baudouin de Belgique,[4045]
Prince d'Orange,[4643]
Prométhée,"[3312, 6354, 7961]"
Prosper Mérimée,[7649]
Provence,[8691]
Prusse,[6440]
Présentation au temple,"[427, 5983]"
Psyché,"[180, 294, 3183, 3443, 5208, 5705, 6216]"
Puig Major,[1445]
Putte,[8005]
Puvis de Chavannes,[7648]
Pyrame,[5699]
Pyrrhus,"[1470, 5950]"
Python,[1474]
Pâques,"[7203, 8343]"
Pâris,"[6347, 6353, 8258, 11198]"
Pâturages,[7162]
Pèlerins d'Emmaüs,[338]
Père de l'Eglise,[376]
Pèsement des âmes,[1996]
Pégase,[3188]
Pélée,[1388]
Pénée,"[471, 6938]"
Pépin de Herstal,[5614]
Périclès Pantazis,"[6137, 11638]"
Quai des pêcheurs,[10910]
Quasimodo,[4447]
Quinten Metsys,[3201]
Raamsdonk,[6436]
Rabat,[691]
Raphaël,"[1689, 4405, 6511]"
Raymond Lagae,[3554]
Rebecca,"[4988, 7259]"
Reims,[8404]
Remi Tronchot,[1818]
Remigio Cantagallina,"[6461, 6480, 6495, 6497, 6505, 6557, 10895]"
Remus,[161]
Renaissance,"[237, 272]"
René Wybauw,[6161]
René-Emmanuel Janssens,[2600]
Repas chez Simon,[1595]
Reyers,[6355]
Rhenen,"[8086, 8089, 8090, 8095, 8096]"
Rhin,"[6591, 7127, 7129, 7406, 8090, 10412]"
Richard Lambert,[1148]
Rijm,[3937]
Rik Wouters,"[3583, 3589, 6313, 10360, 10388, 10408, 10419, 10461, 11533]"
Robert Goldschmidt,"[3996, 4016, 4017]"
Robert Schumann,[79]
Rodolphe Wytsman,[6278]
Rogier van der Weyden,[3453]
Rome,"[126, 161, 204, 385, 509, 882, 1369, 1528, 1551, 1689, 2292, 2660, 2661, 2997, 3470, 3473, 4408, 4409, 4491, 4492, 4494, 4849, 5028, 5266, 5275, 5738, 5888, 6131, 6188, 6243, 6244, 6245, 6247, 6248, 6249, 7908, 7910, 7913, 7922, 7947, 8051, 8081, 8485, 8499, 10632, 10845]"
Romolo Koelman,"[2660, 2661]"
Romulus,"[161, 5935]"
Rouen,[756]
Rouge-Cloître,[767]
Rouge-cloître,[4520]
Royaume Uni,"[1159, 1162]"
Rue San Estaban,[8304]
Rupert de Molesme,[4818]
Ruth,[6789]
Ruth Toby,[3088]
Réforme,[7281]
République,[385]
Résurrection de Lazare,[5754]
Résurrection du Christ,[1677]
Révolution française de 1848,"[7653, 8446]"
Sabine de Carolath-Beuthen,[8670]
Sablon,"[5749, 5751, 5752, 10895]"
Sacré,"[7633, 7969]"
Sahara,[1994]
Sainctelette,[1029]
Saint Charles Borromée,[2783]
Saint Empire Romain germanique,[1433]
Saint François d'Assise,[6975]
Saint Vincent,[4826]
Saint-Esprit,"[505, 1384, 5118, 5500, 10849]"
Saint-Genest,[2017]
Saint-Gilles,"[6496, 6498, 10895]"
Saint-Hubert,[149]
Saint-Sébastien,[193]
Saint-Tropez,[10155]
Saint-Vaast-La-Hougue,[7950]
Saint-esprit,"[376, 6310]"
Sainte Famille,"[4853, 5732, 6189, 10311]"
Sainte famille,"[1472, 5613]"
Saintes femmes au tombeau,"[507, 7837]"
Saintes-Maries-de-la-Mer,[168]
Salomo,[10330]
Salomon,"[189, 1246, 5407, 6387]"
Salomé,"[5396, 5818]"
Salon d'Anvers,[7464]
Salzbourg,[4094]
Sam Wiener,[7250]
Sambre,[7981]
Samson,"[5673, 6487]"
Samuel,"[3274, 3278, 7923]"
San Giorgio dei Greci,[8263]
Santa Maria la Nuova,[4620]
Sapinière,[2366]
Sara Bernhardt,[628]
Satan,"[243, 2672, 3570, 6411]"
Saumur,[6592]
Savoie,[2298]
Saxe-Cobourg,[3232]
Saül,[7923]
Schaarbeek,[2734]
Schaerbeek,"[6121, 6505, 6507, 7181]"
Scherpenheuvel,[1317]
Scheveningen,"[4102, 5885, 8129, 8130, 8131, 8133, 8140]"
Schilde,[627]
Schinkel,[3881]
Schoeters,[5041]
Scipion,[1373]
Scylla,[5031]
Scène historique,[6628]
Sebastiano Serlio,[272]
Second Empire,"[7649, 8451, 8452, 8453]"
Seine,"[167, 2610, 4286, 6175, 7958]"
Semaine sainte,"[7203, 8343]"
Senne,"[5009, 6329]"
Serment de Saint-Christophe,"[6710, 6711, 6712, 6713, 6714]"
Serment de Saint-Michel,[6715]
Serres chaudes,"[7425, 7570]"
Shakespeare,[3338]
Sibylle,[8106]
Sibylle de Cumes,[1254]
Sidi Madjoub,[717]
Siegen,[1317]
Silvestre I,[4849]
Silvius,[7107]
Silène,"[2284, 8654]"
Simon,"[230, 1595]"
Simon Lévy,[4318]
Simon de Cyrène,"[350, 5605]"
Simonne Bucheron,[2033]
Sinaï,"[10168, 10328]"
Sint-Elisabeth Bloemenkamp,[8287]
Sint-Pietersberg,[8360]
Sinte Greef,[789]
Sion,[7628]
Sire de Mons,[4550]
Siège d'Ostende,"[6451, 7268, 8511]"
Société Libre des Beaux-Arts,[7689]
Société Nationale des Beaux-Arts,[7362]
Société générale,[3257]
Société théosophique,[8214]
Sodome,[285]
Solon,[8623]
Somerset-house,[8103]
Sophie Fremiet,"[7418, 7419]"
Sophie Rude,"[7418, 7419]"
Sophie Vandewynckele,[3951]
Spa,"[6533, 6534, 6557, 6925, 6928, 10496, 10810, 10811]"
Spaarne,[8395]
Spectator,[490]
St. Liévin,[341]
Stahleck,[6591]
Stans,[10388]
Stendhal,[7653]
Sterpenich,[6693]
Suisse,"[6376, 6637, 8438, 10926]"
Sulamite,[10330]
Suys,[5397]
Suzanne,"[4079, 5652, 8259]"
Suzanne Bambridge,[2123]
Suzanne Martin,[6659]
Sy,[2305]
Sybille de Cumes,[1717]
Syrie,"[137, 430]"
Syrinx,[6400]
Sémélé,[5471]
Sénèque,"[1219, 2860]"
Séverine,[7360]
Séville,"[1589, 6330, 7146, 7147, 7148, 7149, 7150, 7203, 7204, 7205, 8289, 8290, 8291, 8292, 8293, 8294, 8295, 8296, 8297, 8298, 8299, 8300, 8301, 8302, 8303, 8304, 8305, 8307, 8309, 8310, 8311, 8313, 8314, 8316, 8317, 8318, 8319, 8320, 8321, 8322, 8323, 8324, 8325, 8326, 8327, 8328, 8329, 8330, 8332, 8335, 8336, 8337, 8338, 8340, 8341, 8342, 8343, 8344, 8345, 8346, 8347, 8348, 8349, 8350, 8351, 8352, 10487]"
Sévillle,[757]
Tack,[475]
Taddeo Zuccari,[5401]
Taddée,[230]
Tamise,"[1106, 1107, 1109, 1110, 1111, 1113, 1115, 1116, 1117, 1118, 1119, 1120, 1121, 1126, 1130, 7556, 7557, 10812, 10821]"
Tanger,"[4672, 10858]"
Telphusa,[1474]
Temps,[1564]
Temse,"[6532, 6538, 6545]"
Tertullien,[10845]
Tervuren,"[764, 6609]"
Thadée Natanson,[736]
Thames,[4095]
Theophrastus Bombastus von Hohenheim,[5565]
Thisbé,[5699]
Thomas de Carignan,[2298]
Thonet No 14,[7568]
Thrace,[2175]
Thèbes,[1062]
Théo van Rysselberghe,"[3503, 5029]"
Théocrite,[264]
Théodate,[2587]
Théodore Baron,"[1668, 7689]"
Théodore Rousseau,[8453]
Théodore Verhaegen,[3303]
Théogonie,[5460]
Théophile Gautier,"[7649, 8450]"
Thérèse Louise Croze,[3560]
Thésée,[881]
Thétis,"[1388, 6617]"
Théâtre du Trocadéro,[5255]
Tiberius Sempronius Gracchus,[10632]
Tibre,"[1897, 5266]"
Tibère,[6244]
Tibérius,[385]
Tilman François Suys,[3620]
Titan,"[3312, 5657, 6354]"
Tite-Live,[1369]
Titus,[385]
Tivoli,[7417]
Tmolus,[5508]
Tobie,"[6511, 8390]"
Toccia,[552]
Toison d'Or,"[193, 1108, 1433, 2003, 2036, 2215, 2260, 2923, 4532, 4840, 4998, 5312, 5438, 5585, 5589, 5883, 6628, 6631, 6961, 7282, 7524, 7525, 7582, 8084]"
Toison d'or,[7467]
Tombes,"[4084, 4140]"
Torriani,[6576]
Totila,"[1473, 3695]"
Touques,[759]
Tournai,"[2048, 6539, 8262]"
Trajan,[10329]
Trente,[427]
Triana,[8323]
Trident,[6617]
Trinité,"[387, 5500, 10849]"
Trinité-des-Monts,[8485]
Troie,"[1470, 2175, 8258, 8657, 10852]"
Tsigane,[8298]
Tunis,[1406]
Turquie,"[402, 1425, 1674, 2158, 6633]"
Tyrol,"[5723, 6972]"
Térence,[324]
Tétouan,[10858]
Tête de Flandre,[5880]
Ulysse,[6370]
Upton-Grey,[1100]
Uranie,[6300]
Utrecht,[7389]
V.d.B.,[1071]
Val Saint Lambert,"[7134, 7151, 7233]"
Valère Mabille,[7251]
Valérien,[5683]
Van der Stappen,[452]
Vanitas,[424]
Vatican,"[1551, 1689, 1897, 8081, 10926]"
Velthem,[4093]
Venise,"[506, 5261, 5272, 6345, 7262, 7832, 8263, 8273, 8690]"
Verenigd Koninkrijk,[1162]
Verloren Kost,[6457]
Verstraeten,[6285]
Vertumne,[6939]
Vespasien,[6188]
Via Appia,[7910]
Vianden,[1189]
Victoire Maus,[7371]
Victor Dandois,[3878]
Victor Hugo,"[4446, 4447, 7675, 8239]"
Victor Lagye,[1023]
Victoria,[3180]
Vieil Heidelberg,[5255]
Vierge,"[64, 189, 191, 211, 215, 216, 219, 230, 246, 247, 332, 350, 427, 507, 634, 1214, 1327, 1354, 1357, 1384, 1401, 1409, 1416, 1424, 1472, 1473, 1481, 1495, 1573, 1606, 1610, 1695, 1731, 1735, 1931, 1932, 2048, 2097, 2127, 2189, 2212, 2286, 2398, 2574, 2577, 2635, 3117, 3464, 3468, 3482, 3664, 3667, 3670, 3673, 3674, 3675, 3686, 3695, 3821, 4487, 4548, 4659, 4725, 4726, 4728, 4813, 4814, 4819, 4827, 4848, 4853, 4854, 4875, 5006, 5027, 5118, 5288, 5294, 5496, 5497, 5499, 5500, 5555, 5605, 5613, 5663, 5683, 5707, 5708, 5732, 5761, 5771, 5782, 5983, 6083, 6124, 6139, 6178, 6189, 6209, 6223, 6252, 6261, 6279, 6299, 6332, 6371, 6416, 6620, 7401, 7483, 7488, 7837, 7871, 8080, 8099, 8107, 8230, 8394, 8507, 8558, 8572, 8573, 8574, 8659, 8744, 9914, 10163, 10205, 10263, 10311, 10493, 10805, 10807, 10814, 10849, 10862, 10879, 10886, 10897, 10901]"
Vierge de douleur,"[6252, 6279, 7483]"
Vierge des Douleurs,[4813]
Vierge à l'Enfant,"[216, 219, 1472, 1495, 2574, 2577, 3670, 3673, 5555, 6261, 6299, 6488, 8099, 8107, 8659, 10886, 10897, 10901]"
Vierge à l'enfant,[6139]
Vilvorde,"[1294, 6480]"
Viollet-le-duc,[7649]
Virgile,"[1254, 2518, 6379, 8654]"
Visconti,[6576]
Visé,[6535]
Vita,[4606]
Vita e miracoli di san Giacinto confessore dell'ordine de Predicatori,[5395]
Vitae Patrum,[4606]
Vitellius,[6245]
Vittoria della Rovere,[7536]
Vocation des apôtres,[1420]
Volendam,"[2762, 4065]"
Volterra,[5594]
Vughterheide,[6605]
Vulcain,"[237, 5551, 8391]"
Vénus,"[114, 123, 237, 264, 324, 3351, 5005, 5208, 5460, 5551, 5668, 6250, 6347, 6353, 7346, 7487, 8391, 8697, 10241]"
Waag,[7943]
Waal,[7406]
Wachtendonk,[8521]
Walkyries,"[5382, 8566]"
Waterloo,"[2854, 10800]"
Waterloo Bridge,"[1106, 1111]"
Waulsort,[774]
Wayai,[6533]
Westerbork,[7304]
Wetteren,[6742]
Wilhelmina Palinc,"[4621, 4624]"
Willebroek,[6481]
Willem I,"[10778, 10779, 10780, 10782, 10785]"
Willem Jacob Herreyns,[2647]
Willem Moreel,[205]
Willem Ruyter,[379]
Willem van Heythuysen,[4596]
William Augustus,[6970]
William Chambers,[8103]
William Degouve de Nuncques,[772]
William Oakes,"[7494, 7496]"
William Shakespeare,[6234]
Willy Finch,[156]
Wissocq,"[2106, 2114]"
Woerden,[7131]
Wolf,[7648]
Wollendries,"[6499, 6503, 6510, 6513, 10895]"
Woluwe,[1462]
Xavier Mellery,"[5264, 5271, 5273, 5302]"
Yperdamme,[8283]
Ypres,"[6471, 6472, 6741]"
Zacharie,[10163]
Zama,[1373]
Zeus,"[5667, 7128, 11223, 11228]"
Zichem,[1317]
Zion,[10846]
Zuiderzee,"[7114, 7288]"
Zuydewyn van Nuyssenburch,[5588]
Zuydewyn van Nuyssenburgh,[5590]
Zébédée,[230]
Zélande,"[625, 1598, 7587, 8256]"
Égypte,[1062]
Élysée Reclus,[10189]
Énée,[10241]
États Unis d'Amérique,"[2897, 7429, 7430]"
