recordID,category
4518,Tableau
1932,Tableau
7695,Tableau
7803,Tableau
10163,Tableau
1148,Tableau
1511,Tableau
3674,Tableau
8572,Tableau
5116,Tableau
1196,Tableau
6710,Tableau
7595,Tableau
992,Tableau
4818,Tableau
1458,Tableau
7572,Tableau
4417,Tableau
5179,Tableau
7451,Tableau
759,Tableau
3692,Tableau
1853,Tableau
1352,Tableau
4313,Tableau
186,Tableau
2429,Tableau
884,Tableau
965,Tableau
1942,Tableau
1724,Tableau
8558,Tableau
2248,Tableau
7811,Tableau
79,Tableau
7844,Tableau
7136,Tableau
10450,Tableau
7415,Tableau
355,Tableau
1298,Tableau
1623,Tableau
10795,Tableau
1934,Tableau
1599,Tableau
1786,Tableau
3922,Tableau
4851,Tableau
4343,Tableau
7852,Tableau
1250,Tableau
2046,Tableau
3941,Tableau
4970,Tableau
6287,Tableau
1120,Tableau
4812,Tableau
7996,Tableau
10788,Tableau
8922,Tableau
4678,Tableau
4096,Tableau
2321,Tableau
7962,Tableau
8081,Tableau
1201,Tableau
8269,Tableau
4596,Tableau
8256,Tableau
137,Tableau
1688,Tableau
7806,Tableau
10250,Tableau
2324,Tableau
1488,Tableau
2194,Tableau
5640,Tableau
2624,Tableau
1829,Tableau
4149,Tableau
756,Tableau
4315,Tableau
5909,Tableau
4114,Tableau
10561,Tableau
4517,Tableau
4936,Tableau
3816,Tableau
8260,Tableau
5723,Tableau
552,Tableau
1754,Tableau
1205,Tableau
9827,Tableau
1733,Tableau
4175,Tableau
2414,Tableau
5836,Tableau
839,Tableau
1528,Tableau
666,Tableau
5943,Tableau
10836,Tableau
8080,Tableau
8660,Tableau
6259,Tableau
4568,Tableau
1401,Tableau
858,Tableau
909,Tableau
1054,Tableau
4103,Tableau
4931,Tableau
1803,Tableau
380,Tableau
1820,Tableau
11245,Tableau
160,Tableau
870,Tableau
4036,Tableau
3928,Tableau
4127,Tableau
452,Tableau
338,Tableau
6386,Tableau
1577,Tableau
1202,Tableau
1531,Tableau
5392,Tableau
1985,Tableau
7464,Tableau
4659,Tableau
4332,Tableau
8057,Tableau
1808,Tableau
10877,Tableau
4959,Tableau
7168,Tableau
10094,Tableau
4362,Tableau
4086,Tableau
4144,Tableau
5402,Tableau
6130,Tableau
4070,Tableau
1177,Tableau
1695,Tableau
5867,Tableau
10352,Dessin
7095,Dessin
5376,Dessin
7549,Dessin
77,Dessin
6928,Dessin
7379,Dessin
10807,Dessin
8459,Dessin
379,Dessin
1317,Dessin
6446,Dessin
7659,Dessin
10425,Dessin
10793,Dessin
7874,Dessin
10340,Dessin
7292,Dessin
1369,Dessin
8507,Dessin
6963,Dessin
10791,Dessin
6282,Dessin
7103,Dessin
8508,Dessin
6395,Dessin
8095,Dessin
7890,Dessin
7234,Dessin
7742,Dessin
8329,Dessin
5257,Dessin
8541,Dessin
10349,Dessin
7307,Dessin
6143,Dessin
6964,Dessin
5604,Dessin
7059,Dessin
3704,Dessin
2021,Dessin
6138,Dessin
7294,Dessin
7398,Dessin
10434,Dessin
7127,Dessin
10789,Dessin
3671,Dessin
10220,Dessin
10428,Dessin
798,Dessin
6693,Dessin
10779,Dessin
2081,Dessin
6284,Dessin
7873,Dessin
6089,Dessin
1084,Dessin
6394,Dessin
6462,Dessin
1394,Dessin
5393,Dessin
7405,Dessin
5207,Dessin
6636,Dessin
3877,Dessin
7743,Dessin
6545,Dessin
10207,Dessin
8393,Dessin
7614,Dessin
6189,Dessin
6470,Dessin
6442,Dessin
7887,Dessin
10360,Dessin
10763,Sculpture
3025,Sculpture
2795,Sculpture
